<TICKER>;<PER>;<DATE>;<TIME>;<OPEN>;<HIGH>;<LOW>;<CLOSE>;<VOL>
GAZP;60;20150824;110000;139.0000000;139.0000000;136.5100000;138.6400000;8233170
GAZP;60;20150824;120000;138.6300000;138.7000000;136.7000000;136.9400000;7128420
GAZP;60;20150824;130000;136.9600000;136.9800000;135.0000000;136.0800000;7423140
GAZP;60;20150824;140000;136.0800000;136.4400000;135.3500000;136.2000000;4199360
GAZP;60;20150824;150000;136.2000000;136.2300000;135.0000000;135.1100000;4347140
GAZP;60;20150824;160000;135.1700000;135.7800000;135.0200000;135.6000000;2270890
GAZP;60;20150824;170000;135.6000000;135.8100000;134.1000000;135.6400000;6895510
GAZP;60;20150824;180000;135.6000000;137.2900000;135.1300000;135.8000000;6910850
GAZP;60;20150824;190000;135.8400000;136.5000000;135.2700000;135.3500000;4159820
GAZP;60;20150825;110000;135.7200000;138.0000000;135.7200000;137.5500000;7149580
GAZP;60;20150825;120000;137.5400000;139.9000000;137.3800000;139.7500000;6833540
GAZP;60;20150825;130000;139.8000000;139.9900000;139.1200000;139.5000000;2999040
GAZP;60;20150825;140000;139.5500000;140.5100000;138.7900000;140.0800000;6474520
GAZP;60;20150825;150000;140.1000000;140.2900000;139.7100000;140.0900000;1835650
GAZP;60;20150825;160000;140.0800000;140.8000000;139.8000000;140.3600000;4121380
GAZP;60;20150825;170000;140.3500000;141.0000000;139.4000000;139.6600000;6468350
GAZP;60;20150825;180000;139.7600000;140.0800000;139.4000000;139.7900000;3318720
GAZP;60;20150825;190000;139.7900000;141.0000000;139.7100000;140.4000000;4899330
GAZP;60;20150826;110000;140.2100000;140.2300000;138.5100000;139.7300000;7274720
GAZP;60;20150826;120000;139.7200000;140.2900000;139.5000000;139.8000000;2814590
GAZP;60;20150826;130000;139.8000000;139.9800000;139.2500000;139.8000000;2857360
GAZP;60;20150826;140000;139.8000000;140.5000000;139.6100000;140.3400000;3039880
GAZP;60;20150826;150000;140.3400000;141.4000000;140.2600000;141.0400000;3626090
GAZP;60;20150826;160000;141.1000000;141.8500000;141.0400000;141.8200000;3982880
GAZP;60;20150826;170000;141.8300000;141.9500000;140.1000000;140.5000000;4239660
GAZP;60;20150826;180000;140.5100000;141.2000000;140.2500000;140.7300000;4654590
GAZP;60;20150826;190000;140.7200000;140.9400000;140.4600000;140.5100000;1992040
GAZP;60;20150827;110000;141.8500000;142.6500000;141.5900000;142.1200000;6452580
GAZP;60;20150827;120000;142.2000000;143.0000000;142.1600000;142.8900000;4645010
GAZP;60;20150827;130000;142.8900000;143.1400000;142.4000000;142.8900000;3601120
GAZP;60;20150827;140000;142.8500000;142.9000000;142.4400000;142.6300000;1957760
GAZP;60;20150827;150000;142.6200000;142.8500000;142.5300000;142.7100000;1325250
GAZP;60;20150827;160000;142.7100000;143.6100000;142.5900000;143.4200000;2499820
GAZP;60;20150827;170000;143.4000000;144.0000000;143.3000000;143.8500000;2842730
GAZP;60;20150827;180000;143.8500000;144.8000000;143.8300000;144.2500000;6332310
GAZP;60;20150827;190000;144.1500000;144.7000000;143.9000000;144.6000000;2958750
GAZP;60;20150828;110000;145.3000000;145.6900000;144.5000000;144.8600000;5364760
GAZP;60;20150828;120000;144.8900000;145.2500000;144.2300000;144.4100000;3786960
GAZP;60;20150828;130000;144.4100000;144.8000000;143.9100000;144.6900000;3474960
GAZP;60;20150828;140000;144.7000000;144.7500000;143.0500000;143.0800000;3752840
GAZP;60;20150828;150000;143.1200000;143.7600000;143.0400000;143.6100000;1545180
GAZP;60;20150828;160000;143.6700000;143.7000000;143.1000000;143.7000000;1456520
GAZP;60;20150828;170000;143.7000000;145.6500000;143.5900000;145.6400000;6456040
GAZP;60;20150828;180000;145.6400000;146.7700000;145.6100000;146.7600000;7363900
GAZP;60;20150828;190000;146.7600000;147.3500000;146.6000000;146.6000000;5119000
GAZP;60;20150831;110000;145.8900000;146.5900000;145.7400000;146.1500000;3885100
GAZP;60;20150831;120000;146.1500000;147.7500000;146.0300000;147.3900000;4291330
GAZP;60;20150831;130000;147.4600000;147.4900000;146.5100000;146.8400000;2172480
GAZP;60;20150831;140000;146.9200000;147.1300000;146.7500000;146.8600000;1103820
GAZP;60;20150831;150000;146.7800000;146.9800000;146.0000000;146.3100000;2056460
GAZP;60;20150831;160000;146.3800000;146.4000000;145.5100000;145.9000000;3468500
GAZP;60;20150831;170000;145.9700000;146.7500000;145.1600000;145.5400000;3102270
GAZP;60;20150831;180000;145.5400000;146.9200000;145.5000000;146.7100000;2736500
GAZP;60;20150831;190000;146.7300000;148.1900000;146.5200000;148.1900000;6009470
GAZP;60;20150901;110000;148.1900000;148.2000000;146.0500000;146.1200000;9141470
GAZP;60;20150901;120000;146.1200000;146.4000000;145.0400000;145.3700000;4779920
GAZP;60;20150901;130000;145.3700000;145.9900000;144.5500000;145.6500000;5253310
GAZP;60;20150901;140000;145.6500000;145.8900000;144.5900000;145.3600000;2636190
GAZP;60;20150901;150000;145.3300000;146.4900000;145.2200000;145.3300000;2796570
GAZP;60;20150901;160000;145.3300000;145.3300000;144.3600000;144.5000000;1679000
GAZP;60;20150901;170000;144.5100000;145.1400000;144.2900000;144.3500000;3076270
GAZP;60;20150901;180000;144.3400000;145.0000000;144.0500000;144.0900000;2865600
GAZP;60;20150901;190000;144.1000000;144.5000000;143.7000000;144.5000000;2973180
GAZP;60;20150902;110000;144.1000000;145.2700000;143.2500000;144.4700000;5356690
GAZP;60;20150902;120000;144.5000000;144.5300000;143.3700000;143.6500000;2788360
GAZP;60;20150902;130000;143.6900000;143.7900000;142.8000000;142.9200000;3308370
GAZP;60;20150902;140000;142.9400000;143.1800000;142.2500000;142.9700000;3125960
GAZP;60;20150902;150000;143.0700000;143.9500000;142.9400000;143.4200000;2244040
GAZP;60;20150902;160000;143.5000000;145.0000000;143.0100000;144.9400000;3434290
GAZP;60;20150902;170000;144.9900000;145.5000000;144.0000000;144.1300000;4457880
GAZP;60;20150902;180000;144.2000000;144.8700000;142.8000000;142.8700000;5791510
GAZP;60;20150902;190000;142.8100000;143.6200000;142.5700000;142.5700000;3007200
GAZP;60;20150903;110000;143.6800000;144.1900000;143.3000000;143.8500000;4208640
GAZP;60;20150903;120000;143.8400000;143.9900000;142.8400000;143.1600000;3482670
GAZP;60;20150903;130000;143.2700000;143.7000000;142.7000000;142.9500000;1811380
GAZP;60;20150903;140000;142.9100000;143.4000000;142.7800000;143.2000000;1028470
GAZP;60;20150903;150000;143.1600000;143.5000000;142.8500000;143.4200000;1045430
GAZP;60;20150903;160000;143.4200000;144.8800000;143.3900000;143.8000000;6162330
GAZP;60;20150903;170000;143.8400000;145.2000000;143.8300000;144.7600000;3364240
GAZP;60;20150903;180000;144.7600000;145.9500000;144.3400000;145.6800000;5029280
GAZP;60;20150903;190000;145.6900000;145.8000000;145.0500000;145.3000000;1954570
GAZP;60;20150904;110000;144.9000000;145.1300000;143.9500000;144.1000000;4442770
GAZP;60;20150904;120000;144.1000000;144.6000000;143.7000000;144.2900000;1973080
GAZP;60;20150904;130000;144.2900000;144.6000000;143.8500000;143.8500000;1521440
GAZP;60;20150904;140000;143.8500000;144.2000000;143.5500000;143.6500000;2407790
GAZP;60;20150904;150000;143.6000000;143.7000000;143.0100000;143.4500000;2475670
GAZP;60;20150904;160000;143.4000000;143.8400000;142.6000000;142.6000000;4621990
GAZP;60;20150904;170000;142.6000000;143.3000000;142.2700000;142.4700000;3153370
GAZP;60;20150904;180000;142.4200000;142.9900000;142.1700000;142.8400000;2940300
GAZP;60;20150904;190000;142.8400000;142.9900000;142.4000000;142.8000000;2302470
GAZP;60;20150907;110000;142.5100000;143.2000000;142.1900000;143.1900000;3029040
GAZP;60;20150907;120000;143.1400000;143.4000000;142.2000000;142.4100000;3849450
GAZP;60;20150907;130000;142.4000000;143.3000000;142.1500000;142.7000000;2391170
GAZP;60;20150907;140000;142.7000000;142.7400000;142.2500000;142.3600000;974540
GAZP;60;20150907;150000;142.3400000;142.8700000;142.2200000;142.5100000;901040
GAZP;60;20150907;160000;142.5700000;142.6900000;142.3400000;142.5100000;306650
GAZP;60;20150907;170000;142.5000000;142.5600000;141.8100000;142.0000000;1938380
GAZP;60;20150907;180000;142.0100000;142.0100000;141.3200000;141.7100000;2804560
GAZP;60;20150907;190000;141.7100000;142.1000000;141.5900000;141.6700000;1715910
GAZP;60;20150908;110000;142.2700000;143.5500000;142.2300000;142.8700000;5934040
GAZP;60;20150908;120000;142.8400000;142.9900000;142.6000000;142.8000000;1458310
GAZP;60;20150908;130000;142.8500000;143.9700000;142.8100000;143.9400000;5205840
GAZP;60;20150908;140000;143.9400000;144.3900000;143.7000000;144.1900000;3084880
GAZP;60;20150908;150000;144.1900000;144.2000000;143.5000000;143.5600000;1385270
GAZP;60;20150908;160000;143.6200000;143.6200000;143.5700000;143.5900000;7320
GAZP;60;20150908;170000;143.6000000;143.9000000;143.5400000;143.8000000;165490
GAZP;60;20150908;180000;143.7400000;143.8600000;143.0200000;143.5200000;3634070
GAZP;60;20150908;190000;143.5200000;143.7500000;143.2100000;143.2100000;1412270
GAZP;60;20150909;110000;144.3000000;145.2000000;144.1100000;145.1200000;5073720
GAZP;60;20150909;120000;145.1000000;145.2000000;144.7600000;144.9900000;2181210
GAZP;60;20150909;130000;144.9400000;145.0000000;144.6200000;144.7200000;1923270
GAZP;60;20150909;140000;144.7900000;144.9000000;144.2600000;144.3000000;1563050
GAZP;60;20150909;150000;144.3100000;144.6900000;144.2500000;144.5600000;1459170
GAZP;60;20150909;160000;144.5000000;145.1100000;144.5000000;145.0000000;1781300
GAZP;60;20150909;170000;145.0000000;145.4000000;144.8100000;145.0800000;2916550
GAZP;60;20150909;180000;145.0900000;145.2500000;144.5000000;144.5700000;2226120
GAZP;60;20150909;190000;144.6300000;144.8500000;144.2200000;144.2200000;1963060
GAZP;60;20150910;110000;143.6100000;144.0000000;143.2600000;143.9700000;2927460
GAZP;60;20150910;120000;143.9800000;144.6300000;143.7200000;144.4800000;2103710
GAZP;60;20150910;130000;144.4900000;144.7800000;144.2500000;144.3700000;1513480
GAZP;60;20150910;140000;144.3700000;144.5000000;144.1600000;144.3500000;1053640
GAZP;60;20150910;150000;144.3500000;144.3500000;143.7700000;143.8500000;1538530
GAZP;60;20150910;160000;143.7700000;143.8900000;143.3800000;143.5800000;1975470
GAZP;60;20150910;170000;143.5600000;144.3300000;143.3300000;143.4000000;2679420
GAZP;60;20150910;180000;143.4000000;143.5500000;142.3500000;143.3000000;6599270
GAZP;60;20150910;190000;143.2600000;143.2600000;142.6000000;142.9900000;4292410
GAZP;60;20150911;110000;143.2600000;143.5000000;142.5700000;142.7300000;3490310
GAZP;60;20150911;120000;142.7300000;142.9000000;141.8500000;141.9100000;4319910
GAZP;60;20150911;130000;141.9100000;142.0700000;141.3400000;141.5500000;5115950
GAZP;60;20150911;140000;141.5200000;141.8200000;141.2000000;141.7600000;3868160
GAZP;60;20150911;150000;141.7500000;142.0500000;141.6600000;142.0500000;1058260
GAZP;60;20150911;160000;142.0400000;142.0500000;141.7400000;141.9700000;756150
GAZP;60;20150911;170000;141.9400000;141.9900000;141.5100000;141.7800000;1336250
GAZP;60;20150911;180000;141.7100000;142.5900000;141.6100000;142.4200000;3113860
GAZP;60;20150911;190000;142.4200000;142.4900000;142.1700000;142.4000000;2301950
GAZP;60;20150914;110000;142.2600000;143.1500000;142.1000000;142.7900000;3729680
GAZP;60;20150914;120000;142.8400000;143.3500000;142.7800000;143.1100000;3685260
GAZP;60;20150914;130000;143.1300000;143.6800000;143.0500000;143.5400000;3747140
GAZP;60;20150914;140000;143.5500000;143.8700000;143.4200000;143.4400000;1838610
GAZP;60;20150914;150000;143.4400000;143.4900000;143.0000000;143.0500000;1159260
GAZP;60;20150914;160000;143.0300000;143.2000000;143.0200000;143.1000000;761990
GAZP;60;20150914;170000;143.1000000;143.1500000;142.8000000;142.8300000;1133310
GAZP;60;20150914;180000;142.8600000;143.7200000;142.8300000;143.4500000;2590950
GAZP;60;20150914;190000;143.4400000;143.6000000;143.2700000;143.5800000;1904570
GAZP;60;20150915;110000;143.5500000;143.8000000;142.8000000;143.2500000;3148630
GAZP;60;20150915;120000;143.2200000;143.2500000;142.3000000;142.4800000;2495060
GAZP;60;20150915;130000;142.4800000;142.5600000;142.2700000;142.4000000;1349180
GAZP;60;20150915;140000;142.4300000;142.5600000;142.2500000;142.5400000;1051600
GAZP;60;20150915;150000;142.5200000;142.5300000;141.9000000;141.9800000;1867030
GAZP;60;20150915;160000;141.9800000;142.1100000;141.5700000;141.6000000;6634370
GAZP;60;20150915;170000;141.6000000;142.2500000;141.4500000;141.8500000;2795920
GAZP;60;20150915;180000;141.8500000;142.5500000;141.5500000;142.3500000;3144970
GAZP;60;20150915;190000;142.3100000;142.5000000;141.9500000;141.9500000;1898700
GAZP;60;20150916;110000;142.4000000;142.8900000;142.1300000;142.4200000;2031540
GAZP;60;20150916;120000;142.4200000;142.8800000;142.2500000;142.8700000;2972450
GAZP;60;20150916;130000;142.8700000;143.1700000;142.7000000;143.0400000;2537160
GAZP;60;20150916;140000;143.0400000;143.1000000;142.3600000;142.5000000;2491430
GAZP;60;20150916;150000;142.4600000;142.6000000;142.1700000;142.5700000;1404800
GAZP;60;20150916;160000;142.5200000;142.8000000;142.0500000;142.1000000;5413140
GAZP;60;20150916;170000;142.1100000;142.2100000;141.6000000;141.8000000;4424480
GAZP;60;20150916;180000;141.8200000;142.8700000;141.7100000;142.8400000;4209370
GAZP;60;20150916;190000;142.8100000;142.9100000;142.6000000;142.9100000;1973590
GAZP;60;20150917;110000;142.9900000;143.0300000;142.3100000;142.4200000;3102110
GAZP;60;20150917;120000;142.4200000;142.8300000;142.3300000;142.6300000;1196680
GAZP;60;20150917;130000;142.6600000;143.2500000;142.5200000;143.1500000;3049360
GAZP;60;20150917;140000;143.1500000;143.2700000;142.6300000;142.7200000;1619530
GAZP;60;20150917;150000;142.7300000;142.9100000;142.7000000;142.8000000;478490
GAZP;60;20150917;160000;142.8500000;143.0900000;142.7700000;142.9600000;692060
GAZP;60;20150917;170000;142.9800000;143.0900000;142.5300000;142.8200000;1482930
GAZP;60;20150917;180000;142.7700000;143.1000000;142.7300000;142.8400000;1210060
GAZP;60;20150917;190000;142.8700000;143.0500000;142.7200000;142.8000000;1447530
GAZP;60;20150918;110000;143.3400000;143.4000000;142.4100000;142.5200000;3693160
GAZP;60;20150918;120000;142.4500000;142.5900000;142.0700000;142.5000000;2368480
GAZP;60;20150918;130000;142.4700000;142.9900000;142.1000000;142.2000000;3569000
GAZP;60;20150918;140000;142.2400000;142.2900000;141.7500000;141.7800000;3192510
GAZP;60;20150918;150000;141.7700000;141.8700000;141.5300000;141.6900000;2625620
GAZP;60;20150918;160000;141.6800000;141.6900000;140.5500000;140.8300000;4270640
GAZP;60;20150918;170000;140.8200000;140.8400000;139.1300000;139.2900000;9540320
GAZP;60;20150918;180000;139.2400000;140.9000000;139.1000000;140.9000000;4776750
GAZP;60;20150918;190000;140.8800000;141.6500000;139.5000000;139.5000000;10144420
GAZP;60;20150921;110000;140.1100000;140.6700000;139.3400000;139.7300000;5261670
GAZP;60;20150921;120000;139.7000000;140.1000000;139.6900000;139.9100000;801440
GAZP;60;20150921;130000;139.9200000;140.7100000;139.9200000;140.4400000;1691580
GAZP;60;20150921;140000;140.4400000;140.8400000;139.9500000;140.1000000;1731330
GAZP;60;20150921;150000;140.1200000;140.5600000;140.0000000;140.3700000;1325360
GAZP;60;20150921;160000;140.4100000;140.6600000;140.2400000;140.4900000;866160
GAZP;60;20150921;170000;140.5100000;140.5500000;139.5900000;139.6100000;1927500
GAZP;60;20150921;180000;139.6000000;139.7500000;138.8200000;139.1000000;5169200
GAZP;60;20150921;190000;139.1500000;139.4500000;139.1000000;139.4500000;1928430
GAZP;60;20150922;110000;139.7100000;139.7100000;138.3900000;138.6800000;3744970
GAZP;60;20150922;120000;138.6700000;139.0000000;138.0000000;138.0500000;4110650
GAZP;60;20150922;130000;138.0700000;138.2400000;137.5300000;138.0700000;4311250
GAZP;60;20150922;140000;138.0700000;138.3900000;137.9500000;138.3300000;1559360
GAZP;60;20150922;150000;138.2900000;138.3600000;137.9000000;137.9800000;1964460
GAZP;60;20150922;160000;137.9300000;138.0900000;137.1600000;137.4100000;3686000
GAZP;60;20150922;170000;137.4000000;137.6900000;136.7400000;136.7500000;3953910
GAZP;60;20150922;180000;136.7500000;136.8600000;135.8000000;135.8600000;9075600
GAZP;60;20150922;190000;135.8600000;136.4000000;135.6800000;136.4000000;4088850
GAZP;60;20150923;110000;136.4000000;136.8800000;135.5600000;136.3100000;5298920
GAZP;60;20150923;120000;136.2400000;136.4000000;135.8000000;136.1800000;2805880
GAZP;60;20150923;130000;136.1800000;136.1800000;135.2000000;135.2800000;2672340
GAZP;60;20150923;140000;135.3000000;135.5000000;134.3100000;134.5200000;7140320
GAZP;60;20150923;150000;134.5100000;134.7100000;133.3800000;133.8900000;6327340
GAZP;60;20150923;160000;133.8600000;135.3100000;133.7500000;134.7200000;6754230
GAZP;60;20150923;170000;134.7200000;134.9500000;134.3100000;134.4700000;4735210
GAZP;60;20150923;180000;134.4800000;135.0800000;134.1800000;134.6800000;6964180
GAZP;60;20150923;190000;134.7400000;134.9900000;134.0100000;134.3000000;2594820
GAZP;60;20150924;110000;134.5700000;134.7800000;133.2000000;134.2500000;7108860
GAZP;60;20150924;120000;134.2100000;134.3500000;133.2000000;133.8700000;2860220
GAZP;60;20150924;130000;133.8700000;133.9100000;132.9100000;133.0400000;3222170
GAZP;60;20150924;140000;133.0400000;133.5000000;132.2800000;132.5400000;3870100
GAZP;60;20150924;150000;132.5100000;132.5700000;131.8500000;132.0500000;3952630
GAZP;60;20150924;160000;132.0500000;133.6600000;132.0100000;133.6000000;4387440
GAZP;60;20150924;170000;133.6000000;133.7400000;132.1300000;132.6200000;3125710
GAZP;60;20150924;180000;132.6300000;132.7600000;131.7000000;131.7100000;5875200
GAZP;60;20150924;190000;131.7100000;132.3200000;131.5000000;132.2000000;3377030
GAZP;60;20150925;110000;132.6100000;134.4500000;132.6100000;133.9000000;7484710
GAZP;60;20150925;120000;133.9400000;134.3000000;132.8500000;133.4500000;5939600
GAZP;60;20150925;130000;133.4500000;134.5500000;133.0300000;134.0200000;6898220
GAZP;60;20150925;140000;134.0900000;134.1100000;133.2600000;133.6300000;2262110
GAZP;60;20150925;150000;133.6500000;134.3500000;133.4300000;134.1800000;2157290
GAZP;60;20150925;160000;134.2300000;134.2300000;133.0000000;133.1000000;2415000
GAZP;60;20150925;170000;133.1400000;133.7500000;132.5400000;133.5900000;3342250
GAZP;60;20150925;180000;133.5600000;133.7000000;132.5700000;133.3800000;3315100
GAZP;60;20150925;190000;133.3900000;133.8500000;133.0000000;133.8500000;1785280
GAZP;60;20150928;110000;134.1000000;134.1300000;132.8000000;133.0000000;4047020
GAZP;60;20150928;120000;132.9800000;133.3000000;132.6300000;132.9900000;1765940
GAZP;60;20150928;130000;133.0100000;133.1100000;132.3800000;132.6200000;2232540
GAZP;60;20150928;140000;132.6200000;134.2700000;132.1000000;132.6400000;5616960
GAZP;60;20150928;150000;132.7100000;133.3900000;130.5000000;130.8500000;8294500
GAZP;60;20150928;160000;130.9000000;131.6900000;130.3700000;131.6300000;2841530
GAZP;60;20150928;170000;131.6200000;131.6700000;131.2500000;131.3800000;2414900
GAZP;60;20150928;180000;131.3300000;131.5800000;130.7500000;131.4600000;1990420
GAZP;60;20150928;190000;131.4500000;131.5500000;130.9000000;130.9000000;1519480
GAZP;60;20150929;110000;130.6000000;131.7000000;130.3600000;131.3900000;3347550
GAZP;60;20150929;120000;131.3600000;133.3200000;131.1500000;132.7400000;6268350
GAZP;60;20150929;130000;132.7300000;133.7000000;132.5000000;133.4700000;3714730
GAZP;60;20150929;140000;133.4700000;134.0600000;133.1500000;133.5000000;3964570
GAZP;60;20150929;150000;133.5500000;133.8300000;132.9200000;133.1900000;3718580
GAZP;60;20150929;160000;133.2100000;133.6900000;133.1500000;133.6900000;2150500
GAZP;60;20150929;170000;133.6800000;133.9100000;133.0500000;133.5000000;2435410
GAZP;60;20150929;180000;133.5000000;133.9500000;133.3600000;133.3600000;3366950
GAZP;60;20150929;190000;133.4000000;133.5500000;133.1200000;133.2000000;1553380
GAZP;60;20150930;110000;133.8100000;135.2500000;133.7500000;135.2100000;7850840
GAZP;60;20150930;120000;135.2100000;135.7100000;135.2100000;135.5400000;5933760
GAZP;60;20150930;130000;135.5400000;135.7300000;135.2700000;135.5500000;4077440
GAZP;60;20150930;140000;135.5400000;135.5500000;134.9000000;135.0400000;2513560
GAZP;60;20150930;150000;135.0700000;135.2500000;134.8100000;134.8300000;2769930
GAZP;60;20150930;160000;134.9000000;135.3000000;134.7700000;135.1200000;2906890
GAZP;60;20150930;170000;135.1100000;135.2000000;133.8000000;134.3500000;6157710
GAZP;60;20150930;180000;134.3500000;134.5000000;133.6200000;133.7600000;4366500
GAZP;60;20150930;190000;133.7600000;134.5500000;132.8000000;134.5500000;6791850
GAZP;60;20151001;110000;134.6800000;135.1000000;134.3400000;134.7500000;2883400
GAZP;60;20151001;120000;134.7700000;134.8000000;133.9300000;134.4300000;2267730
GAZP;60;20151001;130000;134.4300000;134.6500000;134.1100000;134.5600000;1873420
GAZP;60;20151001;140000;134.6300000;134.8400000;134.2900000;134.8400000;1329260
GAZP;60;20151001;150000;134.8500000;135.6000000;133.5100000;133.5200000;5141550
GAZP;60;20151001;160000;133.5200000;133.5800000;131.5500000;132.0900000;8472510
GAZP;60;20151001;170000;132.0900000;132.5800000;131.7000000;131.7000000;3505140
GAZP;60;20151001;180000;131.7600000;132.2500000;131.5100000;132.1300000;5208400
GAZP;60;20151001;190000;132.1000000;132.9300000;131.9600000;132.9000000;3367000
GAZP;60;20151002;110000;132.7700000;133.1700000;132.1300000;132.5500000;2472230
GAZP;60;20151002;120000;132.5500000;132.8300000;132.0000000;132.0900000;2924190
GAZP;60;20151002;130000;132.1400000;132.4800000;132.0000000;132.0300000;2193910
GAZP;60;20151002;140000;132.0600000;132.8400000;131.7000000;132.3100000;3568920
GAZP;60;20151002;150000;132.3000000;132.3800000;131.8900000;131.9200000;2460370
GAZP;60;20151002;160000;131.9600000;132.2700000;131.2000000;131.7100000;2901080
GAZP;60;20151002;170000;131.6600000;131.9500000;131.4100000;131.4900000;1958660
GAZP;60;20151002;180000;131.4900000;131.7900000;131.0200000;131.5000000;6614430
GAZP;60;20151002;190000;131.4900000;131.8000000;131.3200000;131.5000000;1759340
GAZP;60;20151005;110000;132.4900000;134.2900000;132.2700000;134.1500000;6108690
GAZP;60;20151005;120000;134.1500000;134.4900000;133.6200000;133.7600000;3605330
GAZP;60;20151005;130000;133.7600000;134.2300000;133.6400000;134.1700000;2027840
GAZP;60;20151005;140000;134.1700000;134.4500000;133.8900000;133.9900000;2932890
GAZP;60;20151005;150000;134.0500000;134.9900000;133.9400000;134.9600000;4029340
GAZP;60;20151005;160000;134.9400000;135.2500000;134.5400000;135.2000000;4123480
GAZP;60;20151005;170000;135.1800000;136.1900000;135.1400000;136.0600000;6709460
GAZP;60;20151005;180000;136.1000000;136.8000000;135.8900000;136.1800000;6292960
GAZP;60;20151005;190000;136.1200000;136.8000000;136.1000000;136.8000000;3014990
GAZP;60;20151006;110000;136.9400000;137.0000000;135.2300000;135.2400000;7162650
GAZP;60;20151006;120000;135.2300000;136.6500000;135.1700000;136.4300000;9551070
GAZP;60;20151006;130000;136.4100000;136.5000000;135.7400000;136.0000000;2710200
GAZP;60;20151006;140000;136.0200000;136.2000000;135.6100000;136.1500000;1482820
GAZP;60;20151006;150000;136.1100000;136.4900000;135.7600000;136.4500000;1494890
GAZP;60;20151006;160000;136.4400000;137.3600000;136.2600000;137.3500000;4649810
GAZP;60;20151006;170000;137.3100000;137.9000000;136.8200000;137.7600000;4845830
GAZP;60;20151006;180000;137.7200000;137.9000000;136.8700000;137.0300000;3196630
GAZP;60;20151006;190000;137.0000000;137.8700000;136.8800000;137.8700000;3549000
GAZP;60;20151007;110000;138.0800000;138.8800000;137.7000000;138.0900000;6194040
GAZP;60;20151007;120000;138.0600000;138.0600000;136.7500000;136.9900000;4172880
GAZP;60;20151007;130000;136.9900000;137.7500000;136.9500000;137.2000000;1688360
GAZP;60;20151007;140000;137.2300000;137.8400000;137.0700000;137.2900000;1704010
GAZP;60;20151007;150000;137.2800000;138.6100000;137.2500000;138.6100000;3599260
GAZP;60;20151007;160000;138.6000000;139.0700000;138.4600000;138.6600000;4010500
GAZP;60;20151007;170000;138.7200000;139.4000000;138.6500000;139.1500000;4709260
GAZP;60;20151007;180000;139.1500000;139.7000000;139.1200000;139.4900000;5779120
GAZP;60;20151007;190000;139.5200000;140.0000000;139.2000000;140.0000000;10837890
GAZP;60;20151008;110000;139.3100000;141.1500000;139.1800000;140.5900000;13139200
GAZP;60;20151008;120000;140.5300000;140.6000000;138.6000000;138.7100000;6346670
GAZP;60;20151008;130000;138.7800000;139.3600000;138.3500000;138.7800000;3030580
GAZP;60;20151008;140000;138.7500000;139.2600000;138.6100000;138.9800000;2377110
GAZP;60;20151008;150000;138.9900000;139.2500000;138.4400000;138.9000000;2065280
GAZP;60;20151008;160000;138.9000000;139.6500000;138.6500000;139.6100000;2824790
GAZP;60;20151008;170000;139.6100000;140.4000000;139.5400000;140.1500000;5229200
GAZP;60;20151008;180000;140.1300000;140.5000000;139.5800000;140.2100000;4213700
GAZP;60;20151008;190000;140.2400000;140.5000000;139.8000000;139.8000000;2516770
GAZP;60;20151009;110000;140.6300000;141.9900000;140.6100000;140.9900000;12903850
GAZP;60;20151009;120000;140.9900000;141.9800000;140.7900000;141.9600000;4135100
GAZP;60;20151009;130000;141.9600000;143.4600000;141.8000000;142.6500000;13168400
GAZP;60;20151009;140000;142.6200000;143.1700000;142.4300000;142.4800000;4557170
GAZP;60;20151009;150000;142.4900000;143.9000000;142.3800000;143.8300000;5056810
GAZP;60;20151009;160000;143.8500000;144.8900000;143.6900000;144.5900000;8590100
GAZP;60;20151009;170000;144.5700000;144.5800000;143.1300000;143.1700000;5152270
GAZP;60;20151009;180000;143.1600000;145.3200000;143.0800000;144.7200000;9116820
GAZP;60;20151009;190000;144.7300000;144.9000000;143.7900000;143.8100000;2069910
GAZP;60;20151012;110000;143.8800000;144.9900000;143.3200000;143.7000000;5100700
GAZP;60;20151012;120000;143.6600000;143.9800000;142.7600000;143.2600000;3670300
GAZP;60;20151012;130000;143.2800000;143.6200000;142.4200000;142.7500000;3251730
GAZP;60;20151012;140000;142.6700000;142.7800000;142.0700000;142.5900000;2186440
GAZP;60;20151012;150000;142.5900000;143.3800000;142.5800000;143.3000000;1568230
GAZP;60;20151012;160000;143.3000000;143.3200000;142.1900000;142.2900000;1950420
GAZP;60;20151012;170000;142.2300000;142.5100000;141.1000000;141.2100000;3715960
GAZP;60;20151012;180000;141.2600000;141.6500000;140.7200000;141.0300000;3563960
GAZP;60;20151012;190000;141.0500000;142.1000000;140.7700000;141.7000000;4291980
GAZP;60;20151013;110000;141.0200000;141.3500000;139.8000000;140.6200000;6084740
GAZP;60;20151013;120000;140.6300000;141.1000000;139.8000000;140.0000000;2829800
GAZP;60;20151013;130000;140.0200000;140.0300000;138.9000000;139.0100000;4977300
GAZP;60;20151013;140000;139.0100000;139.5000000;138.8100000;139.2100000;1480790
GAZP;60;20151013;150000;139.2000000;139.9500000;138.8600000;139.4200000;1974380
GAZP;60;20151013;160000;139.4200000;139.9800000;139.2500000;139.4800000;949120
GAZP;60;20151013;170000;139.4900000;140.1900000;138.8500000;140.1900000;3156780
GAZP;60;20151013;180000;140.1900000;141.3200000;140.1800000;140.9900000;4727600
GAZP;60;20151013;190000;141.0000000;141.8000000;140.5600000;141.8000000;5423520
GAZP;60;20151014;110000;141.1700000;141.4700000;140.5000000;141.3200000;3118640
GAZP;60;20151014;120000;141.3600000;142.4500000;141.3600000;142.0400000;3458320
GAZP;60;20151014;130000;142.0300000;142.2800000;141.6700000;142.2200000;2228540
GAZP;60;20151014;140000;142.2300000;142.9900000;142.2300000;142.7900000;2760020
GAZP;60;20151014;150000;142.8200000;143.0000000;142.5700000;142.8000000;1650720
GAZP;60;20151014;160000;142.8000000;143.3600000;142.1000000;142.3900000;4240860
GAZP;60;20151014;170000;142.3700000;142.9000000;141.8000000;142.8000000;3091350
GAZP;60;20151014;180000;142.8300000;142.9700000;141.5000000;141.6300000;3401730
GAZP;60;20151014;190000;141.6000000;142.1000000;141.5300000;142.0100000;1551230
GAZP;60;20151015;110000;142.3400000;144.1300000;142.2100000;144.0000000;4568580
GAZP;60;20151015;120000;144.0000000;144.1400000;143.4500000;144.0700000;3063120
GAZP;60;20151015;130000;144.0800000;144.1600000;143.2100000;143.3700000;3173390
GAZP;60;20151015;140000;143.3700000;143.9800000;143.3700000;143.9000000;1297290
GAZP;60;20151015;150000;143.8600000;144.0900000;143.4300000;143.4800000;1728670
GAZP;60;20151015;160000;143.4900000;143.7000000;143.0300000;143.1500000;2145560
GAZP;60;20151015;170000;143.1500000;143.7300000;142.6500000;143.5400000;2609730
GAZP;60;20151015;180000;143.5500000;143.8800000;143.3200000;143.5600000;1622600
GAZP;60;20151015;190000;143.5500000;143.6600000;142.6100000;142.6100000;2525040
GAZP;60;20151016;110000;143.7200000;144.1600000;142.1200000;142.1700000;6773610
GAZP;60;20151016;120000;142.1500000;142.8700000;141.8600000;142.1500000;2588590
GAZP;60;20151016;130000;142.1400000;142.7200000;141.0300000;141.4200000;4454260
GAZP;60;20151016;140000;141.3800000;142.4000000;141.2100000;142.0800000;3091630
GAZP;60;20151016;150000;142.0200000;142.2200000;141.4000000;141.9700000;1163570
GAZP;60;20151016;160000;141.9100000;142.3900000;141.7700000;142.3000000;918780
GAZP;60;20151016;170000;142.3000000;142.8700000;142.1000000;142.2800000;2222830
GAZP;60;20151016;180000;142.2900000;142.3000000;140.2000000;140.7200000;5848880
GAZP;60;20151016;190000;140.7300000;141.2700000;140.7200000;141.0000000;1834440
GAZP;60;20151019;110000;140.8200000;141.5200000;140.2300000;140.3000000;4168760
GAZP;60;20151019;120000;140.3000000;140.4700000;139.6000000;139.9900000;3732830
GAZP;60;20151019;130000;139.9900000;139.9900000;139.0200000;139.1400000;3972580
GAZP;60;20151019;140000;139.1300000;139.5900000;139.0200000;139.5500000;2322980
GAZP;60;20151019;150000;139.5100000;139.8500000;139.2200000;139.7700000;1274860
GAZP;60;20151019;160000;139.7700000;139.7700000;139.1000000;139.2800000;1624800
GAZP;60;20151019;170000;139.2700000;139.5900000;138.6200000;139.4800000;4290950
GAZP;60;20151019;180000;139.4900000;140.0000000;139.1200000;139.9500000;1894110
GAZP;60;20151019;190000;139.9500000;140.8700000;139.8200000;140.2700000;4549040
GAZP;60;20151020;110000;140.7200000;140.7700000;139.0000000;139.0000000;4400250
GAZP;60;20151020;120000;139.0000000;139.2700000;138.6400000;138.7400000;3529640
GAZP;60;20151020;130000;138.7400000;139.9500000;138.7200000;139.9400000;2433980
GAZP;60;20151020;140000;139.9400000;139.9400000;139.1100000;139.3300000;1619000
GAZP;60;20151020;150000;139.3500000;140.2300000;139.1400000;139.8200000;2251600
GAZP;60;20151020;160000;139.8100000;139.9600000;139.3300000;139.6400000;1253940
GAZP;60;20151020;170000;139.6500000;139.9100000;138.6000000;139.0000000;3550490
GAZP;60;20151020;180000;139.0000000;140.4500000;138.9100000;140.3000000;6694580
GAZP;60;20151020;190000;140.3000000;140.5700000;140.0300000;140.4000000;3175080
GAZP;60;20151021;110000;140.2900000;140.6400000;139.0500000;139.4500000;5429990
GAZP;60;20151021;120000;139.4500000;139.8800000;139.0000000;139.0000000;4453670
GAZP;60;20151021;130000;139.0000000;139.5000000;138.7700000;139.1200000;2123710
GAZP;60;20151021;140000;139.1900000;139.8000000;139.1600000;139.3000000;1979210
GAZP;60;20151021;150000;139.2700000;139.4300000;138.6100000;138.6200000;2775200
GAZP;60;20151021;160000;138.6400000;139.2300000;138.2000000;139.2000000;4288200
GAZP;60;20151021;170000;139.1600000;140.1500000;139.1100000;139.3100000;4875970
GAZP;60;20151021;180000;139.3500000;139.5500000;139.0000000;139.3500000;3377440
GAZP;60;20151021;190000;139.3400000;139.6300000;139.0300000;139.4900000;3131130
GAZP;60;20151022;110000;139.3900000;140.1700000;139.0500000;139.8400000;3572730
GAZP;60;20151022;120000;139.7800000;140.0500000;139.3100000;139.9200000;2297080
GAZP;60;20151022;130000;139.9200000;140.0800000;139.4400000;139.7100000;2130020
GAZP;60;20151022;140000;139.7000000;139.8000000;139.4100000;139.5500000;1752760
GAZP;60;20151022;150000;139.5400000;140.0200000;139.5000000;139.8000000;1500270
GAZP;60;20151022;160000;139.8100000;140.0400000;139.3200000;139.4800000;2708470
GAZP;60;20151022;170000;139.4800000;140.0500000;139.1000000;139.7900000;4294410
GAZP;60;20151022;180000;139.8000000;139.9100000;138.8900000;139.1000000;5144700
GAZP;60;20151022;190000;139.0800000;139.2900000;138.8800000;139.2500000;1582920
GAZP;60;20151023;110000;139.7000000;140.1900000;138.8900000;139.0800000;4059170
GAZP;60;20151023;120000;139.0800000;139.5800000;138.9900000;139.3000000;3005940
GAZP;60;20151023;130000;139.2900000;139.2900000;138.7400000;138.9900000;2758600
GAZP;60;20151023;140000;138.9900000;139.2500000;138.8000000;138.9400000;1097940
GAZP;60;20151023;150000;138.8800000;140.1000000;138.8500000;139.9900000;5700500
GAZP;60;20151023;160000;140.0100000;140.0600000;139.1600000;139.4700000;2520240
GAZP;60;20151023;170000;139.4900000;139.5900000;138.5000000;138.6300000;5305360
GAZP;60;20151023;180000;138.6400000;139.0000000;138.5600000;138.7700000;3626550
GAZP;60;20151023;190000;138.7900000;138.9400000;138.7500000;138.9400000;2072310
GAZP;60;20151026;110000;139.1000000;139.3000000;138.3500000;138.4400000;2393400
GAZP;60;20151026;120000;138.4400000;139.8000000;138.3900000;139.7500000;4774690
GAZP;60;20151026;130000;139.8000000;139.9900000;139.3100000;139.5500000;3732220
GAZP;60;20151026;140000;139.5500000;139.6000000;138.7500000;138.8000000;2345170
GAZP;60;20151026;150000;138.8000000;139.0000000;138.6000000;138.6500000;1086080
GAZP;60;20151026;160000;138.6500000;139.0000000;138.4200000;138.9000000;1894780
GAZP;60;20151026;170000;138.8900000;139.3500000;137.3500000;137.3500000;6252760
GAZP;60;20151026;180000;137.3500000;137.6400000;136.6500000;137.4300000;5183900
GAZP;60;20151026;190000;137.4300000;138.5000000;137.4300000;138.5000000;5198500
GAZP;60;20151027;110000;137.3700000;137.9500000;136.6000000;137.0200000;3259820
GAZP;60;20151027;120000;137.0600000;137.2300000;136.7100000;137.1500000;3270200
GAZP;60;20151027;130000;137.1500000;137.5800000;136.8900000;136.9900000;2529430
GAZP;60;20151027;140000;136.9900000;136.9900000;136.1500000;136.2400000;3346890
GAZP;60;20151027;150000;136.2500000;136.7400000;136.1400000;136.2600000;2651810
GAZP;60;20151027;160000;136.2700000;136.3100000;135.7900000;136.2700000;3231580
GAZP;60;20151027;170000;136.2800000;136.4000000;135.8300000;135.8500000;4581670
GAZP;60;20151027;180000;135.8500000;136.5300000;135.6600000;136.5000000;2185840
GAZP;60;20151027;190000;136.5200000;138.5000000;136.5200000;138.5000000;10847220
GAZP;60;20151028;110000;138.2500000;138.3400000;137.2200000;137.3200000;4062510
GAZP;60;20151028;120000;137.3200000;137.8300000;136.7000000;137.5500000;4513090
GAZP;60;20151028;130000;137.5600000;137.7700000;136.8100000;136.8100000;2037160
GAZP;60;20151028;140000;136.8300000;136.8500000;136.3000000;136.5100000;2747210
GAZP;60;20151028;150000;136.4500000;136.8800000;136.3100000;136.3800000;2322120
GAZP;60;20151028;160000;136.3600000;136.5700000;135.9000000;135.9800000;3579470
GAZP;60;20151028;170000;135.9900000;136.3500000;135.8000000;136.2600000;3522710
GAZP;60;20151028;180000;136.2000000;137.8000000;135.9000000;137.6700000;7550140
GAZP;60;20151028;190000;137.6700000;138.1000000;137.5500000;138.1000000;5821450
GAZP;60;20151029;110000;138.2500000;138.3000000;137.2200000;137.6200000;2478180
GAZP;60;20151029;120000;137.6500000;137.6800000;136.1200000;136.3700000;3819330
GAZP;60;20151029;130000;136.4100000;136.8700000;136.2000000;136.2900000;3629760
GAZP;60;20151029;140000;136.2900000;136.7900000;136.2000000;136.2500000;2039810
GAZP;60;20151029;150000;136.3100000;136.7400000;136.2100000;136.5700000;1307940
GAZP;60;20151029;160000;136.4500000;136.6000000;136.1500000;136.4600000;2587610
GAZP;60;20151029;170000;136.4800000;136.6800000;135.9000000;136.0500000;5057340
GAZP;60;20151029;180000;136.0400000;136.2400000;135.5200000;135.9600000;3884610
GAZP;60;20151029;190000;135.9500000;136.5700000;135.9500000;136.1100000;3048240
GAZP;60;20151030;110000;136.0400000;136.3400000;135.2100000;135.5500000;3237700
GAZP;60;20151030;120000;135.5500000;135.7000000;135.2200000;135.3100000;2155510
GAZP;60;20151030;130000;135.3200000;136.2500000;135.1800000;136.2000000;4572300
GAZP;60;20151030;140000;136.2000000;136.4700000;135.4500000;135.8200000;2424560
GAZP;60;20151030;150000;135.8200000;136.2000000;135.5300000;136.2000000;1369540
GAZP;60;20151030;160000;136.2000000;136.4400000;135.9300000;136.3500000;2584150
GAZP;60;20151030;170000;136.3500000;136.6600000;135.9400000;136.0000000;3194280
GAZP;60;20151030;180000;136.0000000;136.1700000;135.7000000;135.7900000;1731610
GAZP;60;20151030;190000;135.7500000;136.0600000;135.5500000;135.7500000;2514030
GAZP;60;20151102;110000;135.4600000;135.7200000;135.1200000;135.3200000;2465810
GAZP;60;20151102;120000;135.3400000;136.8300000;135.2500000;136.5800000;3485990
GAZP;60;20151102;130000;136.5800000;136.6900000;135.9100000;136.2100000;1957510
GAZP;60;20151102;140000;136.2400000;136.7000000;136.1600000;136.6600000;1261460
GAZP;60;20151102;150000;136.6600000;137.3000000;136.6000000;136.6500000;2519800
GAZP;60;20151102;160000;136.6500000;136.6500000;135.8400000;136.1800000;2423320
GAZP;60;20151102;170000;136.2000000;136.6600000;135.9400000;136.6500000;1451000
GAZP;60;20151102;180000;136.6000000;137.0000000;136.2900000;136.9000000;1878190
GAZP;60;20151102;190000;136.9000000;137.8000000;136.7400000;137.8000000;5571520
GAZP;60;20151103;110000;137.6900000;138.6000000;137.4100000;138.1500000;3570060
GAZP;60;20151103;120000;138.1200000;138.5000000;138.0000000;138.2500000;3944260
GAZP;60;20151103;130000;138.2200000;138.4600000;138.0100000;138.4500000;2347320
GAZP;60;20151103;140000;138.4500000;139.8400000;138.4000000;139.8000000;5759130
GAZP;60;20151103;150000;139.7900000;141.2600000;139.7800000;140.8700000;9103060
GAZP;60;20151103;160000;140.9000000;141.1900000;140.0700000;140.2800000;1970220
GAZP;60;20151103;170000;140.2400000;140.8900000;140.1400000;140.8900000;1516090
GAZP;60;20151103;180000;140.8900000;141.7000000;140.8000000;141.3900000;4924140
GAZP;60;20151103;190000;141.3900000;142.0000000;141.3900000;141.7500000;5235650
GAZP;60;20151105;110000;141.8800000;142.4700000;140.8600000;141.0000000;6070990
GAZP;60;20151105;120000;141.0800000;142.4000000;141.0500000;142.3600000;4558100
GAZP;60;20151105;130000;142.3600000;142.9400000;142.2600000;142.6200000;3695080
GAZP;60;20151105;140000;142.6200000;142.7900000;142.2400000;142.2600000;1657770
GAZP;60;20151105;150000;142.2800000;142.5500000;141.8200000;141.8400000;1946630
GAZP;60;20151105;160000;141.8600000;142.1400000;141.1700000;141.6400000;2966440
GAZP;60;20151105;170000;141.6500000;141.9700000;141.2600000;141.5000000;2539890
GAZP;60;20151105;180000;141.4800000;141.6500000;140.6000000;141.0200000;7957670
GAZP;60;20151105;190000;141.0200000;141.3500000;140.4800000;140.9700000;5353650
GAZP;60;20151106;110000;140.9100000;141.3000000;140.5500000;140.8600000;3449970
GAZP;60;20151106;120000;140.8200000;142.3000000;140.7400000;141.9500000;5214220
GAZP;60;20151106;130000;141.9900000;141.9900000;140.2500000;141.0200000;3674850
GAZP;60;20151106;140000;141.0400000;141.3700000;140.8000000;141.1400000;1412140
GAZP;60;20151106;150000;141.1200000;141.3500000;140.9300000;141.1200000;861530
GAZP;60;20151106;160000;141.1200000;141.1400000;140.6000000;140.8200000;1128260
GAZP;60;20151106;170000;140.8300000;141.4900000;139.5500000;139.7200000;4296390
GAZP;60;20151106;180000;139.7000000;140.0000000;138.2200000;138.5500000;7932030
GAZP;60;20151106;190000;138.5600000;138.5900000;137.3000000;137.7500000;6943160
GAZP;60;20151109;110000;138.0800000;138.3400000;137.6700000;138.2000000;2874320
GAZP;60;20151109;120000;138.2100000;138.2100000;136.9600000;137.1800000;6877620
GAZP;60;20151109;130000;137.1800000;137.5000000;136.7000000;137.0800000;2044790
GAZP;60;20151109;140000;137.0800000;137.3600000;136.7700000;136.8700000;1076040
GAZP;60;20151109;150000;136.8700000;137.6300000;136.7700000;137.5900000;1709990
GAZP;60;20151109;160000;137.6000000;137.7900000;136.9100000;137.5000000;1774540
GAZP;60;20151109;170000;137.5200000;137.9700000;137.0000000;137.1000000;2100620
GAZP;60;20151109;180000;137.1400000;137.2500000;136.5000000;136.5200000;2935010
GAZP;60;20151109;190000;136.5100000;136.5600000;135.7000000;136.5000000;4636110
GAZP;60;20151110;110000;136.4200000;136.4200000;135.9500000;136.2700000;1780230
GAZP;60;20151110;120000;136.2800000;136.9500000;135.8000000;136.2100000;3347810
GAZP;60;20151110;130000;136.2300000;136.3300000;135.5000000;135.6100000;3345410
GAZP;60;20151110;140000;135.6100000;135.9900000;135.3500000;135.5600000;2639960
GAZP;60;20151110;150000;135.6000000;135.8500000;135.3200000;135.7400000;1017480
GAZP;60;20151110;160000;135.7400000;136.4800000;135.5400000;136.2900000;3196570
GAZP;60;20151110;170000;136.2900000;136.7000000;135.7000000;135.7600000;3508020
GAZP;60;20151110;180000;135.7600000;135.9700000;135.3500000;135.6200000;2484400
GAZP;60;20151110;190000;135.6700000;136.7500000;135.5000000;135.5800000;5828340
GAZP;60;20151111;110000;135.8900000;136.1900000;135.3000000;136.0600000;2571680
GAZP;60;20151111;120000;136.0600000;136.0900000;135.3100000;135.9500000;3586140
GAZP;60;20151111;130000;135.9600000;136.6500000;135.9600000;136.1100000;3950090
GAZP;60;20151111;140000;136.1600000;136.4800000;135.7500000;135.8000000;2281430
GAZP;60;20151111;150000;135.8200000;135.9200000;135.5500000;135.7100000;1825180
GAZP;60;20151111;160000;135.7100000;135.9100000;135.5500000;135.7300000;1830920
GAZP;60;20151111;170000;135.7300000;136.1600000;135.4000000;136.1300000;3107770
GAZP;60;20151111;180000;136.1500000;136.5900000;135.7000000;135.9600000;4009180
GAZP;60;20151111;190000;135.9400000;135.9700000;134.6000000;135.0000000;7340200
GAZP;60;20151112;110000;135.1000000;135.2500000;134.5300000;134.8500000;3787950
GAZP;60;20151112;120000;134.8300000;137.7400000;134.8100000;137.6800000;11121470
GAZP;60;20151112;130000;137.6400000;138.0500000;137.2000000;137.8000000;5060640
GAZP;60;20151112;140000;137.8300000;138.4600000;137.6500000;138.4200000;5820810
GAZP;60;20151112;150000;138.4100000;138.8700000;138.0200000;138.1800000;4924960
GAZP;60;20151112;160000;138.1900000;138.4900000;137.6600000;137.9700000;3623060
GAZP;60;20151112;170000;137.9700000;138.2700000;137.4000000;137.4800000;3955250
GAZP;60;20151112;180000;137.4900000;137.4900000;136.4000000;137.1900000;7927050
GAZP;60;20151112;190000;137.2100000;137.3900000;136.6000000;136.6000000;3841160
GAZP;60;20151113;110000;136.4400000;136.9200000;135.7000000;135.9900000;3198870
GAZP;60;20151113;120000;135.9600000;136.8300000;135.7900000;136.3000000;4250750
GAZP;60;20151113;130000;136.2600000;136.5000000;136.0100000;136.3500000;1155770
GAZP;60;20151113;140000;136.3400000;137.3600000;136.3200000;136.7500000;3640060
GAZP;60;20151113;150000;136.7400000;137.2000000;136.6000000;137.2000000;2409700
GAZP;60;20151113;160000;137.1800000;137.1800000;136.4200000;136.5900000;2267240
GAZP;60;20151113;170000;136.5600000;137.2300000;136.4400000;136.9800000;3049900
GAZP;60;20151113;180000;136.9700000;137.3400000;136.7000000;136.7900000;4174660
GAZP;60;20151113;190000;136.7700000;136.9300000;136.0000000;136.0000000;4692540
GAZP;60;20151116;110000;136.4400000;136.8800000;135.6000000;136.0000000;2276260
GAZP;60;20151116;120000;136.0000000;136.3900000;135.6500000;136.1400000;4192080
GAZP;60;20151116;130000;136.1400000;136.5000000;135.9200000;136.4000000;2479890
GAZP;60;20151116;140000;136.3700000;136.8400000;136.2500000;136.7400000;3875940
GAZP;60;20151116;150000;136.7200000;137.8000000;136.5300000;137.7900000;5319270
GAZP;60;20151116;160000;137.8000000;138.7500000;137.6900000;138.7400000;4071640
GAZP;60;20151116;170000;138.7200000;139.2000000;137.9500000;138.0200000;5309600
GAZP;60;20151116;180000;138.0100000;138.8300000;137.7000000;138.4300000;3720630
GAZP;60;20151116;190000;138.4300000;138.9400000;137.2000000;137.2100000;4535140
GAZP;60;20151117;110000;138.2700000;139.1400000;137.8200000;138.9700000;4700190
GAZP;60;20151117;120000;138.9900000;140.2500000;138.3700000;140.1500000;9253470
GAZP;60;20151117;130000;140.1400000;142.7500000;139.9200000;142.6200000;14631600
GAZP;60;20151117;140000;142.6100000;142.9000000;141.5400000;141.9900000;4830980
GAZP;60;20151117;150000;141.9800000;142.7900000;141.7100000;141.8800000;5596760
GAZP;60;20151117;160000;141.8300000;142.8100000;141.6300000;142.5800000;4502560
GAZP;60;20151117;170000;142.5100000;143.5000000;142.5000000;143.3500000;5458200
GAZP;60;20151117;180000;143.3500000;143.4800000;142.0000000;142.9700000;5549640
GAZP;60;20151117;190000;142.9600000;143.4000000;142.1200000;142.7500000;6957620
GAZP;60;20151118;110000;142.8400000;143.8000000;141.7800000;142.2600000;5287760
GAZP;60;20151118;120000;142.2700000;143.4500000;142.0500000;142.9500000;5481390
GAZP;60;20151118;130000;142.9500000;144.7900000;142.7000000;144.6700000;7096690
GAZP;60;20151118;140000;144.6500000;146.8900000;144.5700000;146.3900000;10197960
GAZP;60;20151118;150000;146.3900000;147.2300000;146.1900000;146.3000000;7702990
GAZP;60;20151118;160000;146.3000000;147.0000000;145.8800000;146.4300000;2749320
GAZP;60;20151118;170000;146.4500000;147.0400000;146.3100000;146.9600000;2687140
GAZP;60;20151118;180000;146.9400000;147.5000000;146.5200000;147.3100000;4728710
GAZP;60;20151118;190000;147.3900000;147.9500000;147.2300000;147.4700000;5788820
GAZP;60;20151119;110000;148.1400000;149.0600000;146.6000000;147.2100000;10999120
GAZP;60;20151119;120000;147.2000000;148.8700000;147.1700000;148.4300000;7163500
GAZP;60;20151119;130000;148.4300000;149.0000000;147.7800000;148.9900000;4202350
GAZP;60;20151119;140000;148.9800000;149.8700000;148.6100000;148.9200000;6728630
GAZP;60;20151119;150000;148.9100000;149.9800000;148.9100000;149.1300000;5714390
GAZP;60;20151119;160000;149.1200000;149.2200000;147.0700000;147.3200000;7071990
GAZP;60;20151119;170000;147.3000000;147.7900000;146.3900000;146.6300000;4387290
GAZP;60;20151119;180000;146.5900000;147.7900000;145.1700000;147.5400000;8640540
GAZP;60;20151119;190000;147.5400000;147.6000000;145.9400000;147.5000000;6667360
GAZP;60;20151120;110000;146.2000000;147.5000000;145.9500000;147.4200000;4428070
GAZP;60;20151120;120000;147.4200000;147.4200000;146.3000000;146.8500000;2330760
GAZP;60;20151120;130000;146.8300000;146.8400000;146.1000000;146.5500000;1479700
GAZP;60;20151120;140000;146.5500000;146.8000000;145.4000000;145.4100000;2996800
GAZP;60;20151120;150000;145.4700000;145.5500000;144.7400000;145.3300000;3808190
GAZP;60;20151120;160000;145.3300000;145.7800000;145.2600000;145.5200000;1200390
GAZP;60;20151120;170000;145.5700000;146.9900000;145.4800000;146.9000000;3991300
GAZP;60;20151120;180000;146.8500000;148.2800000;146.3300000;148.2000000;4532370
GAZP;60;20151120;190000;148.1700000;148.9100000;147.8300000;148.0500000;5989150
GAZP;60;20151123;110000;147.8300000;147.8700000;146.2000000;146.5600000;3740780
GAZP;60;20151123;120000;146.5100000;147.0100000;145.8800000;145.9600000;3232330
GAZP;60;20151123;130000;145.9600000;147.1400000;145.9600000;147.0500000;2885370
GAZP;60;20151123;140000;147.0300000;147.0900000;146.2000000;146.3400000;1215130
GAZP;60;20151123;150000;146.3200000;148.2000000;146.3000000;147.8100000;3847490
GAZP;60;20151123;160000;147.8000000;150.6600000;147.6400000;149.0400000;11172520
GAZP;60;20151123;170000;149.0900000;149.8900000;148.4000000;149.7000000;3444630
GAZP;60;20151123;180000;149.7500000;150.4000000;149.5000000;149.8500000;5084210
GAZP;60;20151123;190000;149.8500000;152.0000000;149.6000000;152.0000000;8295150
GAZP;60;20151124;110000;151.8200000;152.8400000;149.9800000;150.0400000;8124160
GAZP;60;20151124;120000;150.0200000;151.3900000;148.8000000;148.8600000;9172230
GAZP;60;20151124;130000;148.8600000;150.3000000;148.7100000;150.0600000;4017120
GAZP;60;20151124;140000;150.0200000;150.1500000;146.7500000;146.8600000;6712980
GAZP;60;20151124;150000;146.8600000;147.9000000;146.0000000;147.1000000;7689700
GAZP;60;20151124;160000;147.1500000;148.3000000;146.0500000;146.5500000;5864110
GAZP;60;20151124;170000;146.5300000;146.5600000;144.7000000;145.7500000;11369160
GAZP;60;20151124;180000;145.7500000;146.6000000;145.2600000;146.2400000;3637530
GAZP;60;20151124;190000;146.2000000;146.3400000;145.1800000;145.6500000;3642760
GAZP;60;20151125;110000;146.0100000;147.0700000;145.6100000;146.3500000;3831290
GAZP;60;20151125;120000;146.3400000;146.3500000;144.8500000;145.0600000;4496790
GAZP;60;20151125;130000;145.1000000;145.1500000;142.2600000;142.9400000;11089030
GAZP;60;20151125;140000;142.9300000;144.2000000;142.6200000;144.1500000;5215440
GAZP;60;20151125;150000;144.1500000;144.3700000;143.0300000;144.2500000;3637980
GAZP;60;20151125;160000;144.3000000;144.5000000;143.1200000;144.4700000;3567630
GAZP;60;20151125;170000;144.4600000;144.9800000;143.7100000;143.8300000;4731640
GAZP;60;20151125;180000;143.8800000;144.4000000;143.3600000;144.1900000;3024170
GAZP;60;20151125;190000;144.1900000;144.3600000;143.6100000;143.9900000;3917280
GAZP;60;20151126;110000;144.2900000;145.4900000;143.8100000;145.2600000;4312700
GAZP;60;20151126;120000;145.2600000;146.2100000;144.9300000;145.2600000;4136750
GAZP;60;20151126;130000;145.3200000;145.5900000;144.8500000;145.3000000;2572540
GAZP;60;20151126;140000;145.3800000;145.7000000;145.0800000;145.3400000;2787830
GAZP;60;20151126;150000;145.4000000;145.7700000;145.1800000;145.3100000;2013230
GAZP;60;20151126;160000;145.3200000;145.4500000;143.8500000;144.2300000;3865580
GAZP;60;20151126;170000;144.2300000;144.6000000;143.1200000;143.2700000;3606270
GAZP;60;20151126;180000;143.2700000;143.6800000;141.8600000;142.1900000;4759500
GAZP;60;20151126;190000;142.1400000;143.2000000;142.0000000;143.2000000;3414180
GAZP;60;20151127;110000;142.9900000;143.1000000;141.4100000;142.4300000;4194240
GAZP;60;20151127;120000;142.4200000;142.9500000;142.0000000;142.7500000;2488800
GAZP;60;20151127;130000;142.7500000;142.9200000;141.3500000;141.5700000;4278480
GAZP;60;20151127;140000;141.5600000;142.0300000;141.3000000;141.7500000;2759540
GAZP;60;20151127;150000;141.7100000;142.4800000;141.0100000;141.1100000;3549740
GAZP;60;20151127;160000;141.1300000;141.9300000;140.7000000;141.6000000;4780530
GAZP;60;20151127;170000;141.5700000;141.9000000;141.0000000;141.2900000;1795870
GAZP;60;20151127;180000;141.3100000;142.3000000;141.2000000;141.3800000;1439200
GAZP;60;20151127;190000;141.4300000;141.7500000;140.6200000;140.6500000;4425990
GAZP;60;20151130;110000;140.4000000;141.3900000;139.5200000;141.1400000;3172930
GAZP;60;20151130;120000;141.1600000;141.7700000;140.6800000;140.7500000;2831250
GAZP;60;20151130;130000;140.7800000;141.9700000;140.0600000;140.5000000;3380680
GAZP;60;20151130;140000;140.5500000;142.4700000;140.1500000;141.9000000;3299920
GAZP;60;20151130;150000;141.8900000;142.2700000;140.8000000;140.8800000;2943430
GAZP;60;20151130;160000;140.9000000;141.3700000;140.1000000;140.2100000;2154640
GAZP;60;20151130;170000;140.2300000;140.4200000;139.6500000;140.1900000;4434180
GAZP;60;20151130;180000;140.1600000;140.8400000;139.7100000;140.4200000;5750950
GAZP;60;20151130;190000;140.4500000;140.6700000;138.0000000;138.0000000;11821900
GAZP;60;20151201;110000;140.0000000;140.0000000;138.2700000;139.3300000;3179520
GAZP;60;20151201;120000;139.2900000;139.3700000;138.7000000;139.1900000;2343130
GAZP;60;20151201;130000;139.1900000;139.6500000;138.6000000;138.6000000;2491260
GAZP;60;20151201;140000;138.6200000;138.9500000;138.4000000;138.4300000;2986300
GAZP;60;20151201;150000;138.4500000;139.2000000;138.1000000;138.3400000;1982400
GAZP;60;20151201;160000;138.2400000;138.8700000;138.1600000;138.4500000;729600
GAZP;60;20151201;170000;138.4800000;138.8000000;138.0000000;138.4000000;1973320
GAZP;60;20151201;180000;138.3900000;138.4600000;137.0500000;137.1000000;4777330
GAZP;60;20151201;190000;137.0900000;137.5800000;136.8800000;137.4200000;4410520
GAZP;60;20151202;110000;137.6000000;139.1600000;137.6000000;139.0500000;3480300
GAZP;60;20151202;120000;139.0500000;139.4500000;137.8000000;137.8000000;4733670
GAZP;60;20151202;130000;137.8200000;138.8900000;137.5000000;137.7500000;3897220
GAZP;60;20151202;140000;137.7500000;138.1600000;137.5500000;137.6600000;1774920
GAZP;60;20151202;150000;137.6700000;137.6900000;136.5400000;136.5700000;3911300
GAZP;60;20151202;160000;136.6600000;136.9000000;136.3000000;136.8200000;3068100
GAZP;60;20151202;170000;136.8200000;137.2800000;136.4000000;136.4300000;2374680
GAZP;60;20151202;180000;136.4200000;136.7500000;136.3100000;136.4000000;2129000
GAZP;60;20151202;190000;136.4000000;137.1900000;136.3600000;136.8500000;2931460
GAZP;60;20151203;110000;136.5300000;137.8400000;136.5300000;137.6600000;2495890
GAZP;60;20151203;120000;137.6700000;138.6100000;137.6700000;138.0800000;3395470
GAZP;60;20151203;130000;138.1000000;138.4700000;137.8400000;138.2200000;1576350
GAZP;60;20151203;140000;138.2200000;138.8000000;137.5500000;138.6800000;4531970
GAZP;60;20151203;150000;138.6800000;138.9500000;138.1000000;138.6000000;2686310
GAZP;60;20151203;160000;138.6000000;139.2000000;138.4100000;139.2000000;4077470
GAZP;60;20151203;170000;139.2000000;140.5000000;139.0000000;139.9500000;10078280
GAZP;60;20151203;180000;139.9600000;140.6600000;139.6000000;140.1200000;7471800
GAZP;60;20151203;190000;140.1300000;140.3200000;139.6000000;140.0000000;5545510
GAZP;60;20151204;110000;140.4400000;140.9500000;139.7000000;139.9800000;3429630
GAZP;60;20151204;120000;139.9600000;140.2400000;139.3200000;140.1400000;2127200
GAZP;60;20151204;130000;140.1300000;141.5900000;140.0000000;141.2200000;3959000
GAZP;60;20151204;140000;141.1800000;141.6000000;140.6000000;140.9500000;3236340
GAZP;60;20151204;150000;140.9700000;141.1000000;140.1900000;140.4000000;1979400
GAZP;60;20151204;160000;140.3500000;140.3800000;139.8100000;140.2200000;1667850
GAZP;60;20151204;170000;140.2500000;140.5500000;138.8200000;139.0000000;3890600
GAZP;60;20151204;180000;139.0000000;139.1500000;137.1100000;137.1500000;11422090
GAZP;60;20151204;190000;137.1500000;137.8100000;137.0000000;137.7000000;5293750
GAZP;60;20151207;110000;137.7000000;138.5800000;137.3600000;138.2600000;3737900
GAZP;60;20151207;120000;138.1800000;138.3100000;136.8900000;136.9800000;4384120
GAZP;60;20151207;130000;136.9700000;137.2500000;135.5000000;135.6200000;5782950
GAZP;60;20151207;140000;135.6500000;136.0000000;135.1400000;135.9000000;4365660
GAZP;60;20151207;150000;135.9000000;136.6800000;135.7000000;136.5000000;2882410
GAZP;60;20151207;160000;136.4100000;136.6000000;135.8100000;136.0800000;1740850
GAZP;60;20151207;170000;136.0800000;136.1000000;135.0800000;135.1600000;3420950
GAZP;60;20151207;180000;135.2500000;136.0500000;135.0500000;135.2500000;3031800
GAZP;60;20151207;190000;135.2900000;135.3100000;134.3000000;134.5000000;7983380
GAZP;60;20151208;110000;134.3100000;135.2500000;134.0400000;134.4000000;4917970
GAZP;60;20151208;120000;134.4300000;135.5600000;134.0500000;134.1100000;4571950
GAZP;60;20151208;130000;134.1500000;134.8800000;133.2800000;134.6200000;4951540
GAZP;60;20151208;140000;134.6200000;135.2700000;134.1400000;135.0000000;3534720
GAZP;60;20151208;150000;135.0000000;135.4000000;134.6800000;134.7000000;2094420
GAZP;60;20151208;160000;134.7000000;134.9600000;134.0000000;134.4500000;2960790
GAZP;60;20151208;170000;134.4400000;135.0500000;134.0200000;134.1600000;2842960
GAZP;60;20151208;180000;134.1400000;134.8500000;133.7000000;133.9900000;5019180
GAZP;60;20151208;190000;133.9800000;134.7500000;133.8100000;134.6500000;4685320
GAZP;60;20151209;110000;134.9300000;135.8800000;134.6500000;135.5600000;3094140
GAZP;60;20151209;120000;135.5900000;136.2000000;135.1000000;135.7200000;4994130
GAZP;60;20151209;130000;135.6700000;135.6800000;134.7500000;135.2000000;2505430
GAZP;60;20151209;140000;135.2300000;136.0900000;135.1000000;135.4800000;2666560
GAZP;60;20151209;150000;135.4800000;135.7000000;134.6500000;134.8300000;1814800
GAZP;60;20151209;160000;134.7500000;135.1800000;134.4000000;134.7400000;1293110
GAZP;60;20151209;170000;134.6500000;135.5400000;134.5000000;135.2200000;2003390
GAZP;60;20151209;180000;135.2200000;135.9800000;135.2000000;135.7800000;3074360
GAZP;60;20151209;190000;135.7000000;136.1000000;135.5800000;135.8100000;4190060
GAZP;60;20151210;110000;135.6500000;136.3000000;135.0000000;135.9800000;3288230
GAZP;60;20151210;120000;135.9700000;136.7000000;135.3700000;136.5800000;5068100
GAZP;60;20151210;130000;136.5700000;136.8000000;136.0500000;136.7700000;3167020
GAZP;60;20151210;140000;136.7700000;136.8200000;136.0000000;136.2900000;1729360
GAZP;60;20151210;150000;136.3400000;136.7000000;136.0200000;136.6900000;1470240
GAZP;60;20151210;160000;136.6100000;136.7300000;136.1900000;136.5700000;1508390
GAZP;60;20151210;170000;136.5600000;136.7200000;135.7900000;136.1000000;2949980
GAZP;60;20151210;180000;136.1100000;136.2900000;135.3000000;135.4000000;3772420
GAZP;60;20151210;190000;135.4000000;135.8600000;135.0000000;135.6000000;2947550
GAZP;60;20151211;110000;135.2400000;135.6000000;134.8500000;134.8600000;1692050
GAZP;60;20151211;120000;134.8800000;134.9000000;134.0500000;134.1400000;4572290
GAZP;60;20151211;130000;134.1400000;134.3800000;133.5000000;133.7900000;3735020
GAZP;60;20151211;140000;133.8600000;133.8900000;133.0700000;133.6800000;4379920
GAZP;60;20151211;150000;133.6800000;134.0000000;133.5100000;133.8400000;1764510
GAZP;60;20151211;160000;133.8000000;133.8400000;133.5200000;133.6700000;758740
GAZP;60;20151211;170000;133.6200000;133.8200000;133.1500000;133.2300000;3026020
GAZP;60;20151211;180000;133.2900000;133.4000000;132.8700000;132.8700000;3142300
GAZP;60;20151211;190000;132.9200000;133.8000000;132.5000000;133.8000000;4395900
GAZP;60;20151214;110000;133.0200000;133.0200000;132.1000000;132.8000000;2002040
GAZP;60;20151214;120000;132.8100000;132.9500000;132.0000000;132.1100000;3609920
GAZP;60;20151214;130000;132.1000000;132.8000000;132.0500000;132.7200000;1525690
GAZP;60;20151214;140000;132.7200000;133.1800000;132.4000000;132.6900000;2274700
GAZP;60;20151214;150000;132.6500000;132.7300000;131.8700000;131.9500000;3696000
GAZP;60;20151214;160000;131.9500000;132.2200000;130.9000000;131.1600000;7225980
GAZP;60;20151214;170000;131.1600000;131.9500000;130.9600000;131.9500000;4609940
GAZP;60;20151214;180000;131.9400000;132.2100000;131.2800000;131.3000000;4149630
GAZP;60;20151214;190000;131.3800000;131.7600000;131.2200000;131.5900000;5168440
GAZP;60;20151215;110000;132.2400000;132.8300000;132.1000000;132.6000000;3867470
GAZP;60;20151215;120000;132.6300000;134.4800000;132.5500000;134.3700000;7121700
GAZP;60;20151215;130000;134.4000000;134.9000000;134.2300000;134.4400000;5144420
GAZP;60;20151215;140000;134.4900000;134.8200000;133.7600000;133.8000000;2792990
GAZP;60;20151215;150000;133.7800000;134.5000000;133.7300000;134.4300000;1817770
GAZP;60;20151215;160000;134.4400000;134.6700000;133.9100000;134.0900000;2724810
GAZP;60;20151215;170000;134.1000000;134.1900000;133.5100000;133.8900000;2459470
GAZP;60;20151215;180000;133.8900000;134.4200000;133.6600000;134.0000000;2412280
GAZP;60;20151215;190000;134.0000000;134.4500000;133.5500000;134.4000000;3031370
GAZP;60;20151216;110000;134.5000000;134.7300000;134.0600000;134.7200000;2216720
GAZP;60;20151216;120000;134.7000000;135.1700000;134.2000000;134.6300000;4791170
GAZP;60;20151216;130000;134.6300000;134.9900000;133.9500000;134.9200000;2415440
GAZP;60;20151216;140000;134.9100000;135.0000000;134.5500000;134.7400000;2203230
GAZP;60;20151216;150000;134.8000000;134.9200000;134.5800000;134.6000000;889980
GAZP;60;20151216;160000;134.6100000;134.6100000;134.1100000;134.2300000;2005490
GAZP;60;20151216;170000;134.2800000;135.1000000;134.2500000;134.8600000;2501730
GAZP;60;20151216;180000;134.8300000;134.9500000;134.5000000;134.9000000;1510790
GAZP;60;20151216;190000;134.9000000;134.9100000;134.5000000;134.5000000;2030770
GAZP;60;20151217;110000;134.6500000;136.6600000;134.6500000;136.5100000;6294330
GAZP;60;20151217;120000;136.5200000;136.8900000;136.0900000;136.4000000;6472570
GAZP;60;20151217;130000;136.4300000;136.5000000;135.5300000;135.7800000;4215030
GAZP;60;20151217;140000;135.7900000;136.7900000;135.7300000;136.7000000;2775860
GAZP;60;20151217;150000;136.7300000;137.7200000;136.4800000;137.6800000;7971800
GAZP;60;20151217;160000;137.6800000;138.1200000;137.2300000;137.8300000;5611840
GAZP;60;20151217;170000;137.8200000;138.0500000;137.6000000;138.0000000;3171560
GAZP;60;20151217;180000;137.9900000;138.4000000;137.7800000;138.4000000;4114940
GAZP;60;20151217;190000;138.3800000;138.6900000;137.6000000;137.9000000;4730120
GAZP;60;20151218;110000;137.2700000;137.3900000;136.2300000;136.2500000;2969930
GAZP;60;20151218;120000;136.2400000;136.2400000;134.5300000;134.6200000;6796100
GAZP;60;20151218;130000;134.6000000;135.1600000;134.0700000;134.8000000;4661340
GAZP;60;20151218;140000;134.8000000;134.8000000;134.3700000;134.4400000;1806380
GAZP;60;20151218;150000;134.4700000;134.4700000;133.1000000;133.4900000;5718680
GAZP;60;20151218;160000;133.5000000;134.0500000;133.1000000;133.5800000;2469020
GAZP;60;20151218;170000;133.5200000;133.6300000;133.1500000;133.4000000;2073450
GAZP;60;20151218;180000;133.4000000;133.7400000;133.0400000;133.2100000;2914980
GAZP;60;20151218;190000;133.2200000;133.3000000;132.2500000;132.2500000;9087420
GAZP;60;20151221;110000;132.2000000;133.2700000;132.0100000;133.0500000;3891270
GAZP;60;20151221;120000;133.0500000;133.9400000;132.9300000;133.7200000;2850110
GAZP;60;20151221;130000;133.6500000;133.9000000;132.9300000;133.0000000;2278340
GAZP;60;20151221;140000;133.0000000;133.4300000;132.8500000;133.1200000;1400130
GAZP;60;20151221;150000;133.0900000;133.6300000;132.9300000;133.0800000;1458950
GAZP;60;20151221;160000;133.1000000;133.6000000;132.2000000;132.5900000;2322000
GAZP;60;20151221;170000;132.6000000;132.7500000;131.9000000;131.9500000;2294700
GAZP;60;20151221;180000;131.9300000;132.0400000;131.0600000;131.1600000;6474070
GAZP;60;20151221;190000;131.1600000;131.9600000;131.0000000;131.5000000;5396690
GAZP;60;20151222;110000;132.0000000;132.4900000;131.8100000;132.3600000;3158090
GAZP;60;20151222;120000;132.3600000;133.5400000;132.3200000;133.3900000;4307720
GAZP;60;20151222;130000;133.3500000;133.3900000;132.3600000;132.6300000;2556330
GAZP;60;20151222;140000;132.6600000;133.1400000;132.5100000;132.7300000;1872100
GAZP;60;20151222;150000;132.8000000;132.8300000;132.0400000;132.5400000;1183940
GAZP;60;20151222;160000;132.5400000;132.6200000;132.3000000;132.5500000;1057020
GAZP;60;20151222;170000;132.5500000;132.8200000;132.3600000;132.5900000;1077770
GAZP;60;20151222;180000;132.5600000;132.8000000;132.1000000;132.4200000;1879280
GAZP;60;20151222;190000;132.4000000;133.2000000;132.3600000;133.2000000;2888110
GAZP;60;20151223;110000;133.5200000;134.2000000;133.3500000;134.0000000;3645850
GAZP;60;20151223;120000;134.0000000;134.4900000;134.0000000;134.3000000;3574030
GAZP;60;20151223;130000;134.2800000;134.7600000;134.2100000;134.7500000;2609300
GAZP;60;20151223;140000;134.7500000;134.8300000;134.3800000;134.7500000;1532630
GAZP;60;20151223;150000;134.7400000;135.0000000;134.5700000;134.8900000;2505570
GAZP;60;20151223;160000;134.8700000;135.1500000;134.5500000;135.0700000;2521030
GAZP;60;20151223;170000;135.0800000;135.1500000;134.2200000;134.3800000;1998340
GAZP;60;20151223;180000;134.3500000;134.6700000;134.0500000;134.3800000;2923260
GAZP;60;20151223;190000;134.4400000;135.3000000;134.1100000;135.3000000;5440850
GAZP;60;20151224;110000;135.8000000;135.9000000;134.4500000;134.7000000;2925570
GAZP;60;20151224;120000;134.7000000;135.7600000;134.5000000;135.6300000;4727110
GAZP;60;20151224;130000;135.6300000;136.3800000;135.5700000;136.3700000;3996400
GAZP;60;20151224;140000;136.3700000;137.5000000;136.3600000;137.0600000;7968670
GAZP;60;20151224;150000;137.0500000;138.0800000;136.9700000;137.2000000;7366060
GAZP;60;20151224;160000;137.2000000;137.9000000;137.1900000;137.8900000;1845790
GAZP;60;20151224;170000;137.8400000;137.9300000;137.0000000;137.1400000;1477960
GAZP;60;20151224;180000;137.1100000;137.4600000;136.1900000;136.3200000;2600200
GAZP;60;20151224;190000;136.3100000;136.4000000;135.8100000;136.0000000;3777070
GAZP;60;20151225;110000;136.4700000;136.4700000;134.9000000;135.0500000;4573360
GAZP;60;20151225;120000;135.0100000;135.5000000;134.6700000;134.6800000;1448960
GAZP;60;20151225;130000;134.6900000;135.0000000;134.6100000;134.9200000;1165530
GAZP;60;20151225;140000;134.9200000;134.9500000;134.5600000;134.7600000;1577050
GAZP;60;20151225;150000;134.7600000;134.8500000;134.6000000;134.6700000;570180
GAZP;60;20151225;160000;134.6500000;134.6800000;134.1000000;134.1200000;2250640
GAZP;60;20151225;170000;134.1100000;134.4900000;134.0300000;134.2000000;1185940
GAZP;60;20151225;180000;134.2000000;134.5000000;134.0500000;134.4800000;1316000
GAZP;60;20151225;190000;134.4600000;134.5900000;134.2800000;134.4800000;770320
GAZP;60;20151228;110000;134.3500000;134.8000000;134.0500000;134.3600000;1369100
GAZP;60;20151228;120000;134.3600000;135.4000000;134.1400000;135.1900000;2009420
GAZP;60;20151228;130000;135.1900000;135.3000000;134.4000000;134.9800000;1307470
GAZP;60;20151228;140000;134.9500000;134.9900000;134.4000000;134.6500000;880380
GAZP;60;20151228;150000;134.7100000;135.0700000;134.4600000;134.7700000;1590440
GAZP;60;20151228;160000;134.7900000;134.8200000;133.8000000;134.2000000;1085750
GAZP;60;20151228;170000;134.2000000;134.2800000;133.7600000;134.2200000;783950
GAZP;60;20151228;180000;134.2200000;134.9000000;134.1200000;134.3700000;1371090
GAZP;60;20151228;190000;134.4000000;134.9700000;134.1200000;134.9700000;1393110
GAZP;60;20151229;110000;135.2600000;135.7500000;134.7400000;135.2700000;1053340
GAZP;60;20151229;120000;135.2800000;136.6100000;135.2800000;135.9100000;4007980
GAZP;60;20151229;130000;135.9000000;136.5800000;135.9000000;136.0900000;2266340
GAZP;60;20151229;140000;136.0900000;136.0900000;134.8200000;135.3200000;1693170
GAZP;60;20151229;150000;135.3100000;135.8000000;135.2500000;135.5200000;854520
GAZP;60;20151229;160000;135.5400000;135.9500000;135.2400000;135.9400000;1048050
GAZP;60;20151229;170000;135.9500000;136.3000000;135.4000000;136.0500000;1825000
GAZP;60;20151229;180000;136.0500000;136.9500000;135.7200000;136.9200000;4422920
GAZP;60;20151229;190000;136.9300000;137.5500000;136.8200000;137.4900000;4325660
GAZP;60;20151230;110000;137.4800000;137.4900000;136.0000000;136.7600000;3497590
GAZP;60;20151230;120000;136.7300000;136.9000000;135.8000000;135.8200000;2950380
GAZP;60;20151230;130000;135.8100000;136.0900000;135.4500000;136.0900000;2153110
GAZP;60;20151230;140000;136.0800000;136.4000000;135.8000000;136.2100000;1340150
GAZP;60;20151230;150000;136.2000000;136.4200000;135.8700000;136.0000000;769210
GAZP;60;20151230;160000;136.0000000;136.1800000;135.6500000;135.7500000;1157890
GAZP;60;20151230;170000;135.7400000;136.6700000;135.6500000;136.3400000;1507420
GAZP;60;20151230;180000;136.2800000;136.3600000;135.7000000;135.9100000;1654500
GAZP;60;20151230;190000;135.8800000;136.4900000;135.8200000;136.0900000;2534330
GAZP;60;20160104;110000;135.8900000;136.6500000;135.6200000;135.9600000;1260470
GAZP;60;20160104;120000;135.9200000;135.9200000;134.4200000;134.6700000;2597350
GAZP;60;20160104;130000;134.7100000;135.2400000;134.4200000;135.1500000;1139200
GAZP;60;20160104;140000;135.1200000;135.2200000;134.7000000;135.2200000;1069610
GAZP;60;20160104;150000;135.2300000;135.4900000;134.8800000;135.1100000;975370
GAZP;60;20160104;160000;135.1100000;135.3500000;134.9400000;134.9700000;665300
GAZP;60;20160104;170000;134.9700000;135.3000000;134.8000000;135.1300000;938470
GAZP;60;20160104;180000;135.1300000;135.4000000;134.9600000;135.1500000;1205850
GAZP;60;20160104;190000;135.1400000;135.4500000;134.9000000;134.9100000;2544090
GAZP;60;20160105;110000;134.8500000;135.3500000;134.8500000;135.0600000;791780
GAZP;60;20160105;120000;135.0600000;136.1600000;135.0000000;135.9300000;2558050
GAZP;60;20160105;130000;135.9200000;135.9400000;135.1000000;135.3100000;751870
GAZP;60;20160105;140000;135.3000000;135.3000000;134.6100000;135.0700000;1452110
GAZP;60;20160105;150000;135.0800000;135.2300000;134.7600000;135.2200000;232340
GAZP;60;20160105;160000;135.2100000;135.7500000;135.0100000;135.6400000;826250
GAZP;60;20160105;170000;135.6400000;137.2800000;135.5300000;136.7400000;3845870
GAZP;60;20160105;180000;136.7100000;137.1500000;136.1800000;136.1900000;2139480
GAZP;60;20160105;190000;136.2300000;136.5800000;136.0800000;136.4500000;1657460
GAZP;60;20160106;110000;136.3500000;136.9300000;136.1700000;136.5100000;1272970
GAZP;60;20160106;120000;136.5100000;136.7200000;136.0000000;136.4600000;1247570
GAZP;60;20160106;130000;136.4400000;136.7000000;136.1400000;136.2400000;581750
GAZP;60;20160106;140000;136.2200000;136.3000000;135.4000000;135.4500000;1800000
GAZP;60;20160106;150000;135.4200000;135.8500000;135.3000000;135.6800000;774010
GAZP;60;20160106;160000;135.6300000;135.8200000;135.3000000;135.8200000;1029890
GAZP;60;20160106;170000;135.7800000;136.1800000;135.6300000;135.9700000;1122450
GAZP;60;20160106;180000;135.9700000;136.0400000;135.5200000;135.6200000;823960
GAZP;60;20160106;190000;135.6000000;135.9900000;135.6000000;135.9400000;1736520
GAZP;60;20160111;110000;132.9700000;133.5200000;131.1500000;132.6200000;8129380
GAZP;60;20160111;120000;132.6600000;133.6500000;131.8300000;132.8600000;7088580
GAZP;60;20160111;130000;132.8500000;133.0000000;132.1700000;132.5000000;2179510
GAZP;60;20160111;140000;132.5000000;132.5100000;131.7700000;131.9700000;2485830
GAZP;60;20160111;150000;131.9300000;132.1200000;131.3200000;131.6300000;3253720
GAZP;60;20160111;160000;131.6300000;131.8000000;131.5000000;131.7500000;1135580
GAZP;60;20160111;170000;131.7500000;132.1500000;131.4000000;131.9300000;2659960
GAZP;60;20160111;180000;131.9000000;132.4400000;131.5500000;131.8100000;2171340
GAZP;60;20160111;190000;131.8100000;131.8100000;131.1000000;131.3800000;4711900
GAZP;60;20160112;110000;130.5000000;131.1800000;130.1000000;131.0900000;3959590
GAZP;60;20160112;120000;131.0900000;132.4800000;130.9100000;131.9300000;4724670
GAZP;60;20160112;130000;131.9400000;133.4300000;131.7600000;133.4100000;5835160
GAZP;60;20160112;140000;133.4100000;134.7900000;133.0000000;134.7500000;4424390
GAZP;60;20160112;150000;134.7700000;134.8800000;133.5000000;133.8300000;4252170
GAZP;60;20160112;160000;133.8400000;134.4000000;133.7500000;134.0200000;1477410
GAZP;60;20160112;170000;134.0200000;134.8600000;133.1100000;134.6700000;5405330
GAZP;60;20160112;180000;134.7300000;135.2500000;134.2600000;134.5500000;4875730
GAZP;60;20160112;190000;134.5800000;134.7000000;133.1300000;133.5400000;4661400
GAZP;60;20160113;110000;134.1700000;134.4800000;133.8400000;134.1700000;3070690
GAZP;60;20160113;120000;134.1700000;134.4000000;133.5700000;133.7000000;4271110
GAZP;60;20160113;130000;133.7100000;133.9300000;133.0000000;133.0700000;2477920
GAZP;60;20160113;140000;133.1000000;133.3000000;132.8000000;133.0300000;2660450
GAZP;60;20160113;150000;133.0300000;133.3000000;132.5300000;132.5400000;1961650
GAZP;60;20160113;160000;132.5200000;132.5500000;132.2000000;132.2700000;2642590
GAZP;60;20160113;170000;132.2700000;132.6000000;132.1200000;132.2400000;3251720
GAZP;60;20160113;180000;132.2300000;132.4200000;131.7100000;132.0700000;5375980
GAZP;60;20160113;190000;132.0500000;132.2400000;131.2000000;131.3000000;5079370
GAZP;60;20160114;110000;130.9700000;131.4900000;130.5700000;131.2600000;2876290
GAZP;60;20160114;120000;131.2900000;131.2900000;130.5100000;130.7300000;8596690
GAZP;60;20160114;130000;130.7300000;130.7900000;130.2500000;130.4200000;3658300
GAZP;60;20160114;140000;130.3700000;130.4100000;130.2000000;130.3900000;2284750
GAZP;60;20160114;150000;130.3600000;130.4000000;129.7400000;129.9900000;4958360
GAZP;60;20160114;160000;129.9700000;130.4200000;129.7000000;130.0200000;6095540
GAZP;60;20160114;170000;130.0200000;130.3800000;129.8200000;130.0000000;2809850
GAZP;60;20160114;180000;130.0100000;130.3000000;129.2300000;129.4100000;5036760
GAZP;60;20160114;190000;129.3900000;130.8600000;129.0100000;130.8600000;7578330
GAZP;60;20160115;110000;130.3100000;131.9000000;130.0700000;131.8700000;4578050
GAZP;60;20160115;120000;131.8700000;132.4300000;129.4600000;129.6900000;9415790
GAZP;60;20160115;130000;129.6600000;130.6000000;129.3500000;130.0000000;3727690
GAZP;60;20160115;140000;129.9900000;130.0400000;127.0400000;127.1500000;13743760
GAZP;60;20160115;150000;127.1600000;127.4600000;125.3900000;126.0600000;8207180
GAZP;60;20160115;160000;126.0600000;126.4800000;125.1200000;125.7500000;6601260
GAZP;60;20160115;170000;125.7500000;125.7900000;125.0500000;125.6000000;5370000
GAZP;60;20160115;180000;125.6000000;126.4300000;125.2000000;125.9100000;5900000
GAZP;60;20160115;190000;125.8700000;126.1500000;125.1000000;125.1000000;4539340
GAZP;60;20160118;110000;124.8100000;124.8500000;122.7500000;124.3400000;9971040
GAZP;60;20160118;120000;124.3800000;126.3000000;124.3800000;125.0800000;5682590
GAZP;60;20160118;130000;125.1000000;125.3800000;123.5700000;124.5700000;3545890
GAZP;60;20160118;140000;124.5900000;125.4900000;123.6300000;125.1300000;2401460
GAZP;60;20160118;150000;125.1300000;126.0000000;124.5500000;125.5500000;3202290
GAZP;60;20160118;160000;125.5000000;125.7900000;124.3500000;124.5200000;2459640
GAZP;60;20160118;170000;124.5800000;125.2000000;124.3600000;124.3800000;1958910
GAZP;60;20160118;180000;124.3600000;124.8200000;124.0600000;124.7100000;2896420
GAZP;60;20160118;190000;124.7200000;125.1400000;124.5600000;124.6000000;3733000
GAZP;60;20160119;110000;125.5100000;127.7500000;125.5100000;127.6900000;6078350
GAZP;60;20160119;120000;127.6800000;127.9500000;126.6700000;127.1000000;4989090
GAZP;60;20160119;130000;127.1000000;127.6000000;126.7700000;127.5800000;1645030
GAZP;60;20160119;140000;127.5800000;128.4000000;127.3200000;127.9100000;4899980
GAZP;60;20160119;150000;127.9000000;128.4000000;127.9000000;128.2500000;2005950
GAZP;60;20160119;160000;128.2500000;128.2900000;127.5000000;127.7000000;2780350
GAZP;60;20160119;170000;127.7000000;127.8500000;127.3000000;127.6300000;2588210
GAZP;60;20160119;180000;127.6300000;127.6500000;125.3000000;125.8000000;8070040
GAZP;60;20160119;190000;125.8000000;126.4700000;125.4600000;125.9800000;3368490
GAZP;60;20160120;110000;123.6000000;124.5000000;123.5900000;123.8500000;6135350
GAZP;60;20160120;120000;123.8200000;124.1000000;122.8000000;123.6800000;8230630
GAZP;60;20160120;130000;123.7000000;124.3600000;123.5000000;124.2700000;5048300
GAZP;60;20160120;140000;124.2500000;124.7100000;124.0600000;124.3000000;2494750
GAZP;60;20160120;150000;124.2900000;124.6100000;124.0000000;124.3200000;1578800
GAZP;60;20160120;160000;124.3200000;125.2900000;124.0300000;124.9900000;2423730
GAZP;60;20160120;170000;124.9900000;125.2000000;124.3400000;124.7800000;2028210
GAZP;60;20160120;180000;124.7800000;125.0400000;124.3700000;124.7000000;2170190
GAZP;60;20160120;190000;124.7000000;125.8300000;124.6000000;125.8300000;5058520
GAZP;60;20160121;110000;126.0100000;126.8000000;125.5500000;126.4800000;4337240
GAZP;60;20160121;120000;126.4700000;127.6000000;126.1600000;126.9900000;5454610
GAZP;60;20160121;130000;126.9500000;127.4400000;126.4400000;127.1700000;3494410
GAZP;60;20160121;140000;127.1700000;127.2700000;126.6200000;126.8100000;2828040
GAZP;60;20160121;150000;126.8100000;126.9900000;126.3500000;126.5000000;2954840
GAZP;60;20160121;160000;126.5000000;126.8200000;126.2700000;126.7200000;2083850
GAZP;60;20160121;170000;126.7200000;127.3000000;126.5300000;127.1700000;3444110
GAZP;60;20160121;180000;127.1900000;127.4900000;127.0000000;127.1100000;3788500
GAZP;60;20160121;190000;127.1200000;128.0900000;127.1000000;127.7500000;5813510
GAZP;60;20160122;110000;129.9900000;130.8400000;129.0600000;129.8100000;6935310
GAZP;60;20160122;120000;129.8100000;130.3800000;129.5400000;129.9600000;6261940
GAZP;60;20160122;130000;129.9600000;129.9900000;128.3400000;128.5700000;4552890
GAZP;60;20160122;140000;128.5300000;129.2500000;128.5200000;129.1400000;1610600
GAZP;60;20160122;150000;129.1100000;131.2000000;129.0300000;131.1000000;9525790
GAZP;60;20160122;160000;131.1100000;132.2700000;131.0300000;131.6100000;8619260
GAZP;60;20160122;170000;131.6100000;132.0000000;131.2200000;131.9000000;3657900
GAZP;60;20160122;180000;131.8900000;132.8400000;131.5400000;132.8000000;8058810
GAZP;60;20160122;190000;132.7700000;132.9800000;132.1100000;132.4000000;8017780
GAZP;60;20160125;110000;133.1400000;133.1900000;131.2500000;131.3800000;5617010
GAZP;60;20160125;120000;131.4200000;131.9400000;130.6800000;131.1900000;4065310
GAZP;60;20160125;130000;131.1900000;131.5000000;130.7400000;131.1500000;3058610
GAZP;60;20160125;140000;131.1500000;132.0000000;131.0800000;131.7600000;3565780
GAZP;60;20160125;150000;131.7600000;132.1900000;131.3100000;131.6900000;2176780
GAZP;60;20160125;160000;131.6500000;132.7500000;131.4900000;132.4600000;2739610
GAZP;60;20160125;170000;132.4600000;132.7500000;131.5400000;131.7600000;2604620
GAZP;60;20160125;180000;131.8000000;132.5000000;131.7700000;132.3100000;3208780
GAZP;60;20160125;190000;132.2900000;133.0000000;132.2100000;133.0000000;3363640
GAZP;60;20160126;110000;131.0000000;132.2500000;130.3400000;131.3800000;5174110
GAZP;60;20160126;120000;131.3800000;132.0200000;131.3000000;131.8500000;3162640
GAZP;60;20160126;130000;131.8700000;132.1900000;131.4700000;131.5700000;3091710
GAZP;60;20160126;140000;131.5700000;132.1800000;131.5100000;131.9300000;2496640
GAZP;60;20160126;150000;131.9400000;132.1100000;131.6600000;131.8800000;2803690
GAZP;60;20160126;160000;131.9200000;132.1000000;131.6000000;131.8100000;2047670
GAZP;60;20160126;170000;131.8700000;131.9600000;131.6500000;131.8700000;1381770
GAZP;60;20160126;180000;131.9000000;132.4500000;131.7600000;132.0900000;2815450
GAZP;60;20160126;190000;132.0900000;132.3100000;131.7000000;131.8900000;3001210
GAZP;60;20160127;110000;132.1900000;132.4300000;131.9000000;132.2900000;1860610
GAZP;60;20160127;120000;132.2900000;132.8000000;131.8500000;132.7100000;4258020
GAZP;60;20160127;130000;132.7000000;133.1200000;131.9500000;131.9600000;3741780
GAZP;60;20160127;140000;132.0000000;132.9500000;131.9400000;132.9400000;2315640
GAZP;60;20160127;150000;132.9300000;133.5000000;132.7400000;133.3000000;3994120
GAZP;60;20160127;160000;133.3200000;133.3500000;132.8000000;133.2200000;3015210
GAZP;60;20160127;170000;133.2500000;133.4500000;132.9000000;133.3500000;2946030
GAZP;60;20160127;180000;133.2800000;133.9500000;133.1000000;133.8200000;2938580
GAZP;60;20160127;190000;133.7500000;134.0000000;133.3200000;134.0000000;3567700
GAZP;60;20160128;110000;133.8900000;134.8600000;133.1500000;134.6500000;5459470
GAZP;60;20160128;120000;134.6300000;134.8500000;133.8500000;134.4500000;3448930
GAZP;60;20160128;130000;134.4500000;134.7900000;134.0500000;134.4900000;2381280
GAZP;60;20160128;140000;134.4700000;134.8600000;134.2100000;134.7200000;3052430
GAZP;60;20160128;150000;134.6600000;135.0800000;133.8700000;134.3500000;5848960
GAZP;60;20160128;160000;134.3500000;134.6000000;134.2000000;134.5500000;2268030
GAZP;60;20160128;170000;134.5400000;134.8500000;134.1000000;134.8500000;1749890
GAZP;60;20160128;180000;134.8500000;135.4700000;134.3100000;135.4200000;7590590
GAZP;60;20160128;190000;135.4600000;136.5000000;135.2600000;136.5000000;8469110
GAZP;60;20160129;110000;137.0000000;137.2000000;136.2000000;136.5000000;7300470
GAZP;60;20160129;120000;136.4300000;137.1500000;136.2000000;136.7500000;3826200
GAZP;60;20160129;130000;136.7500000;137.1000000;134.2200000;134.2700000;6921930
GAZP;60;20160129;140000;134.2700000;134.7700000;133.3300000;133.7900000;5154960
GAZP;60;20160129;150000;133.7400000;134.1600000;133.5400000;134.1000000;2608690
GAZP;60;20160129;160000;134.1000000;134.6500000;133.7900000;134.3200000;2234710
GAZP;60;20160129;170000;134.4300000;134.7500000;134.2100000;134.6300000;1633730
GAZP;60;20160129;180000;134.6300000;135.9000000;134.2600000;135.9000000;3985680
GAZP;60;20160129;190000;135.9000000;136.6000000;135.6300000;136.6000000;7810260
GAZP;60;20160201;110000;136.1700000;136.3400000;134.4100000;134.5600000;4526650
GAZP;60;20160201;120000;134.5600000;135.2000000;133.5700000;134.9100000;8199990
GAZP;60;20160201;130000;134.9000000;135.1900000;134.3600000;134.5900000;1857870
GAZP;60;20160201;140000;134.6200000;134.8200000;134.2000000;134.2800000;1355920
GAZP;60;20160201;150000;134.2300000;134.2600000;133.0500000;133.1300000;5053150
GAZP;60;20160201;160000;133.1200000;133.6000000;132.8200000;133.3400000;2692180
GAZP;60;20160201;170000;133.3700000;133.6000000;132.9000000;133.2400000;2279690
GAZP;60;20160201;180000;133.2400000;133.4200000;133.0300000;133.2300000;2087200
GAZP;60;20160201;190000;133.2900000;134.2500000;133.0600000;133.9000000;3863820
GAZP;60;20160202;110000;133.0900000;134.3500000;132.9100000;134.2700000;3925240
GAZP;60;20160202;120000;134.2600000;135.2800000;134.2600000;134.4000000;6257990
GAZP;60;20160202;130000;134.4000000;134.9900000;134.1800000;134.8500000;3160880
GAZP;60;20160202;140000;134.8700000;135.0000000;134.1400000;134.3600000;2369210
GAZP;60;20160202;150000;134.3900000;134.5000000;132.3100000;132.4000000;7184440
GAZP;60;20160202;160000;132.4000000;133.0000000;132.2000000;133.0000000;4487040
GAZP;60;20160202;170000;132.9900000;133.3700000;132.2000000;132.4200000;2988460
GAZP;60;20160202;180000;132.4100000;132.8500000;132.3000000;132.3400000;2025100
GAZP;60;20160202;190000;132.3200000;132.5000000;132.0900000;132.5000000;3822270
GAZP;60;20160203;110000;131.8800000;132.7500000;131.5200000;132.2100000;2835660
GAZP;60;20160203;120000;132.2100000;132.7400000;132.0500000;132.2100000;4643020
GAZP;60;20160203;130000;132.2000000;132.4000000;131.9000000;132.0700000;3425590
GAZP;60;20160203;140000;132.0700000;132.4000000;131.9500000;132.0100000;1522270
GAZP;60;20160203;150000;132.0100000;132.2400000;131.9400000;132.1500000;1586460
GAZP;60;20160203;160000;132.1500000;133.0000000;132.0800000;132.6100000;3149740
GAZP;60;20160203;170000;132.6100000;132.6100000;132.0600000;132.5300000;1614870
GAZP;60;20160203;180000;132.5300000;132.8300000;131.9500000;132.0400000;3625840
GAZP;60;20160203;190000;132.0400000;132.1200000;130.9100000;131.0100000;8085520
GAZP;60;20160204;110000;133.1600000;133.9000000;132.8000000;133.7900000;8638930
GAZP;60;20160204;120000;133.8000000;134.0000000;132.9200000;133.3300000;5866150
GAZP;60;20160204;130000;133.2900000;133.4000000;132.6200000;133.3500000;3621670
GAZP;60;20160204;140000;133.3500000;133.7000000;133.2500000;133.2500000;2082140
GAZP;60;20160204;150000;133.2500000;133.7700000;133.2100000;133.5100000;1961950
GAZP;60;20160204;160000;133.5600000;133.7500000;133.1200000;133.4500000;1858750
GAZP;60;20160204;170000;133.4500000;133.6000000;133.1700000;133.2600000;1629690
GAZP;60;20160204;180000;133.2500000;135.0500000;133.2500000;134.9800000;9153070
GAZP;60;20160204;190000;134.9500000;135.2500000;134.7700000;134.9400000;1885770
